Comments,vader_neg,vader_neu,vader_pos,vader_compound,vader_label
Taste super delicious too,0.0,0.208,0.792,0.8225,positive
Wow,0.0,0.0,1.0,0.5859,positive
The non-sticky texture of Golden Penny Macaroni is so good!,0.0,0.691,0.309,0.6166,positive
Very delicious,0.0,0.2,0.8,0.6115,positive
After eating Macaroni I sleep very well.,0.0,0.715,0.285,0.3384,neutral
Non sticky texture,0.0,1.0,0.0,0.0,neutral
This delicious,0.0,0.213,0.787,0.5719,positive
Delicious!,0.0,0.0,1.0,0.6114,positive
That's my favorites than spaghetti,0.0,0.588,0.412,0.4215,neutral
My favorite,0.0,0.25,0.75,0.4588,neutral
Lovely,0.0,0.0,1.0,0.5859,positive
Bring it to our local market,0.0,1.0,0.0,0.0,neutral
Need more pasta,0.0,1.0,0.0,0.0,neutral
Pls  how is cous cous been prepared,0.0,0.61,0.39,0.296,neutral
I love yummy yummy dishes pizza paa kilode,0.0,0.312,0.688,0.9001,positive
Yummy love this method of cooking,0.0,0.345,0.655,0.8225,positive
Nice one anyway,0.0,0.417,0.583,0.4215,neutral
Yummy,0.0,0.0,1.0,0.5267,positive
I can't find it in market any more,0.0,1.0,0.0,0.0,neutral
Easy to cock,0.291,0.182,0.527,0.3182,neutral
yummy,0.0,0.0,1.0,0.5267,positive
Yes I love golden penny spaghetti ,0.0,0.367,0.633,0.7845,positive
Like,0.0,0.0,1.0,0.3612,neutral
Best pasta,0.0,0.192,0.808,0.6369,positive
Golden Penny Spaghetti is the best,0.0,0.543,0.457,0.6369,positive
Yes my dear you are right,0.0,0.43,0.57,0.6486,positive
"Golden Penny is the best pasta ,it doesn't clog and tastes great, unfortunately it is becoming scarce in Gombe where I'm staying.",0.081,0.64,0.279,0.7845,positive
Am imagining it already and it's really delicious,0.0,0.637,0.363,0.6115,positive
I love golden penny spaghetti,0.0,0.488,0.512,0.6369,positive
Yes so,0.0,0.27,0.73,0.4019,neutral
I have oo,0.0,1.0,0.0,0.0,neutral
Yes so with golden penny,0.0,0.597,0.403,0.4019,neutral
The best pasta,0.0,0.323,0.677,0.6369,positive
The best of all,0.0,0.417,0.583,0.6369,positive
Yeah my favorite,0.0,0.161,0.839,0.6369,positive
Can't get enough,0.0,1.0,0.0,0.0,neutral
Yes,0.0,0.0,1.0,0.4019,neutral
Golden penny bringing out delicious taste,0.0,0.575,0.425,0.5719,positive
The only spaghetti wey get vibe.,0.0,1.0,0.0,0.0,neutral
Hw much is the price per caton,0.0,1.0,0.0,0.0,neutral
Golden penny,0.0,1.0,0.0,0.0,neutral
Golden penny my favorite among all,0.0,0.625,0.375,0.4588,neutral
Music Chef Loves This,0.0,0.448,0.552,0.5719,positive
Delicious,0.0,0.0,1.0,0.5719,positive
"Honestly, I'm drooling just looking at this!",0.0,0.646,0.354,0.5093,positive
After you na' you golden penny,0.0,1.0,0.0,0.0,neutral
Not now but I have,0.0,1.0,0.0,0.0,neutral
Not yet,0.0,1.0,0.0,0.0,neutral
Golden penny my one and only favorite among all,0.0,0.727,0.273,0.4588,neutral
Yes ..oooooooh,0.0,0.27,0.73,0.4019,neutral
Yes ooooo,0.0,0.27,0.73,0.4019,neutral
Always my chioce,0.0,1.0,0.0,0.0,neutral
Very. Very. . good,0.0,0.466,0.534,0.5334,positive
Yes oooo,0.0,0.27,0.73,0.4019,neutral
I want oo,0.0,0.606,0.394,0.0772,neutral
Nice,0.0,0.0,1.0,0.4215,neutral
"The feeling I do get whenever I cooked Spaghetti is that feeling of being a chef in my own kitchen, I play with my spaghetti using veggies and proteins to give that inviting and eye catching presentation which helps to nourish my children. They always …",0.0,0.799,0.201,0.8074,positive
Very nice pasta,0.0,0.393,0.607,0.4754,neutral
Nice taste and yummy,0.0,0.244,0.756,0.7351,positive
Love,0.0,0.0,1.0,0.6369,positive
I really love it,0.0,0.4,0.6,0.6697,positive
Fulfilled,0.0,0.0,1.0,0.4215,neutral
Nice taste,0.0,0.263,0.737,0.4215,neutral
The feeling of want to have more n more n more n more n more n moreeeee,0.0,0.843,0.157,0.2023,neutral
Best spaghetti so far,0.0,0.417,0.583,0.6369,positive
Relaxation feelings,0.0,0.227,0.773,0.5267,positive
Very Delicious,0.0,0.2,0.8,0.6115,positive
Lalalala so tasty I want more of it,0.0,0.817,0.183,0.144,neutral
The nourishing feeling,0.0,0.571,0.429,0.128,neutral
It makes me and my family fill good and healthy,0.0,0.588,0.412,0.6808,positive
It saves my time,0.0,1.0,0.0,0.0,neutral
It gives my children energy and happiness,0.0,0.467,0.533,0.6908,positive
Very well,0.0,0.295,0.705,0.3384,neutral
Easy to cook nice taste & yummy,0.0,0.305,0.695,0.8442,positive
It's makes want to eat more,0.0,0.794,0.206,0.0772,neutral
Great taste,0.0,0.196,0.804,0.6249,positive
It makes my day,0.0,1.0,0.0,0.0,neutral
For me it is fulfillment of nourishment,0.0,1.0,0.0,0.0,neutral
Irresistible...so Irresistible,0.0,0.294,0.706,0.34,neutral
"Beautiful, I alwayslike ur post",0.0,0.506,0.494,0.5994,positive
Nice and very yummy,0.0,0.235,0.765,0.7574,positive
Satisfying,0.0,0.0,1.0,0.4588,neutral
It makes me feel  so cool.,0.0,0.626,0.374,0.4572,neutral
Satisfy,0.0,0.0,1.0,0.4588,neutral
Masalvita,0.0,1.0,0.0,0.0,neutral
Send one let me taste it first before i will know the feeling,0.0,0.889,0.111,0.128,neutral
Pls it number I need market,0.0,0.606,0.394,0.1531,neutral
Pls can u gv contact of a  supplier who sells golden penny couscous in Ibadan pls,0.0,0.843,0.157,0.1531,neutral
Spaghetti or nothing,0.0,1.0,0.0,0.0,neutral
Green,0.0,1.0,0.0,0.0,neutral
Red jollof color,0.0,1.0,0.0,0.0,neutral
Green fried spaghetti,0.0,1.0,0.0,0.0,neutral
Red,0.0,1.0,0.0,0.0,neutral
Red colour,0.0,1.0,0.0,0.0,neutral
I love this,0.0,0.323,0.677,0.6369,positive
Nice one,0.0,0.263,0.737,0.4215,neutral
Abdulhadi Mohammed,0.0,1.0,0.0,0.0,neutral
I need a pack oh I love spangetti so much,0.0,0.682,0.318,0.6369,positive
"I pack of Golden Penny no de belle full me again, just one sitting I can finish it up.  I don't eat too much but you guys have reduced the quantity of spaghetti in a pack........it's not fair at all",0.096,0.904,0.0,-0.4666,neutral
Please bless me with Golden Penny pasta,0.0,0.495,0.505,0.6249,positive
Love this style of spangetti yummy,0.0,0.345,0.655,0.8225,positive
Golden penny spaghetti jollof,0.0,1.0,0.0,0.0,neutral
"Wow what a coincidence, gold penny spaghetti with fish",0.0,0.678,0.322,0.5859,positive
Golden penny and meat.,0.0,1.0,0.0,0.0,neutral
Golden Penny Spaghettini with Suya spiced with pepper,0.0,1.0,0.0,0.0,neutral
Spicy and meaty,0.0,1.0,0.0,0.0,neutral
Golden Penny My Best Pasta,0.0,0.488,0.512,0.6369,positive
Golden penny pasta so delicious,0.0,0.458,0.542,0.6948,positive
Always the best,0.0,0.323,0.677,0.6369,positive
Cooking it tomorrow spicy,0.0,1.0,0.0,0.0,neutral
Spicy,0.0,1.0,0.0,0.0,neutral
I'm cooking to raer,0.0,1.0,0.0,0.0,neutral
Yummy yummy,0.0,0.0,1.0,0.7783,positive
Spicy  garnished with Veggies,0.0,1.0,0.0,0.0,neutral
Cooking breakfast for a lady,0.0,1.0,0.0,0.0,neutral
Nothing sweet like golden penny,0.605,0.395,0.0,-0.5559,negative
"GOLDEN PENNY PASTA,,,CARBAG,,,CARROT,GREEN BEANS,,,",0.0,1.0,0.0,0.0,neutral
One constant meal in my home,0.0,1.0,0.0,0.0,neutral
I love the three methods,0.0,0.488,0.512,0.6369,positive
Golden penny spaghetti,0.0,1.0,0.0,0.0,neutral
Very nice,0.0,0.244,0.756,0.4754,neutral
My Tuesday breakfast,0.0,1.0,0.0,0.0,neutral
Enjoy,0.0,0.0,1.0,0.4939,neutral
Meaty please,0.0,0.303,0.697,0.3182,neutral
Meaty and spicy,0.0,1.0,0.0,0.0,neutral
Am cooking golden penny pasta and couscous!.. try mixing it...VERY DELICIOUS,0.0,0.679,0.321,0.6932,positive
Nice food,0.0,0.263,0.737,0.4215,neutral
Spaghetti mix with fish and onions,0.0,1.0,0.0,0.0,neutral
Tasty,0.0,1.0,0.0,0.0,neutral
Cooking nothing as of now,0.0,1.0,0.0,0.0,neutral
Only the northern people now this well,0.0,0.716,0.284,0.3346,neutral
Make una come learn o,0.0,1.0,0.0,0.0,neutral
Thank you,0.0,0.286,0.714,0.3612,neutral
"wow,am sure it will be delicious .",0.0,0.455,0.545,0.7184,positive
"Cous cous my favourite, my problem is I can't find it around my area please let it circulates, advertise it more onitsha, Lagos,Calabar and so on",0.093,0.828,0.079,-0.1027,neutral
I've never eaten it in my life,0.0,1.0,0.0,0.0,neutral
Yes ok,0.0,0.0,1.0,0.5994,positive
Very Delicious.,0.0,0.2,0.8,0.6115,positive
What is couscous please,0.0,0.566,0.434,0.3182,neutral
Thanks,0.0,0.0,1.0,0.4404,neutral
Make the perfect  Couscous every single time by using this simple trick,0.081,0.671,0.248,0.5423,positive
wow,0.0,0.0,1.0,0.5859,positive
has been in my school since yesterday and today these were what I got I did series of video regarding the Cooking Competition I wasn't chosen it fine anyways.,0.054,0.946,0.0,-0.1511,neutral
I never try this,0.0,1.0,0.0,0.0,neutral
Wats couscous pls,0.0,0.606,0.394,0.0772,neutral
Very Nutritious,0.0,1.0,0.0,0.0,neutral
Let's go,0.0,1.0,0.0,0.0,neutral
Easy to cook,0.0,0.408,0.592,0.4404,neutral
Super product,0.0,0.204,0.796,0.5994,positive
Stir fried,0.0,1.0,0.0,0.0,neutral
"Stir-fry, what happened to eliche?,I hardly see it...",0.0,1.0,0.0,0.0,neutral
I Love you this macaroni,0.0,0.488,0.512,0.6369,positive
Stir fry,0.0,1.0,0.0,0.0,neutral
I concur to macaroni,0.0,1.0,0.0,0.0,neutral
Good product,0.0,0.256,0.744,0.4404,neutral
I love,0.0,0.192,0.808,0.6369,positive
why is macaroni not in the market??,0.0,1.0,0.0,0.0,neutral
Macaroni,0.0,1.0,0.0,0.0,neutral
I love this product,0.0,0.417,0.583,0.6369,positive
Stair fried,0.0,1.0,0.0,0.0,neutral
"Best one yet, love the nutrition facts!",0.0,0.365,0.635,0.8655,positive
Hmmm,0.0,1.0,0.0,0.0,neutral
It's amazing,0.0,0.208,0.792,0.5859,positive
I love the spaghetti more than any other.pls keep it up,0.0,0.704,0.296,0.6369,positive
"Golden Penny's products are excellent. I like the quality. But please don't go into the present price increase madness in Nigeria, be considerate of the low income earners, they also have a life to live and you will have abundant blessings from God to reap for being considerate and compassionate in allocating prices to products.",0.081,0.551,0.368,0.9716,positive
Golden penny is my choice. Only that you dont give ANY gift for patronage,0.156,0.844,0.0,-0.3412,neutral
Work on your noodles seasoning ....I stopped eating it ever since you changed it. Even I can't stand it being cooked around me. The aroma isn't for me,0.066,0.934,0.0,-0.2263,neutral
Your products are great. How can I get your margarine here in Abeokuta.,0.0,0.745,0.255,0.6249,positive
My love for golden penny especially spaghetti or macaroni no other brand give me the best spaghetti,0.089,0.569,0.341,0.802,positive
"Spaghetti, macoroni nd cous cous are the best but they are costly unlike before",0.099,0.741,0.16,0.25,neutral
Nice abeg increase the quantity of your spaghetti macaroni and noodles self,0.0,0.662,0.338,0.6249,positive
"I love d aroma of golden penny chicken spices noodles,served with eggs.delicious.",0.0,0.724,0.276,0.6369,positive
Congratulations your semovita with a little oil or butter turn it into pounded yam try it infact all their products are wonderful,0.0,0.725,0.275,0.8225,positive
"Best product so far all round except if they didn't try producing any thing but as long as they produce its always of the best quality, sugar, spaghetti, noodles, couscous, flour, cooking oil, butter, etc, the best keep the good work",0.0,0.672,0.328,0.964,positive
"Quality, nutritious meals are at the heart of great family mealtime moments.",0.0,0.546,0.454,0.8519,positive
Golden penny is food that  good for healthy but the price of tighning is very high and scarce in the market now,0.0,0.84,0.16,0.4215,neutral
Golden penny pastas are equal to none,0.0,1.0,0.0,0.0,neutral
"The best food industry in Nigeria, everything about me is golden penny. Your company should not reduce it's quality pls",0.0,0.766,0.234,0.6705,positive
If we are continued to be killed who will buy those products I weep daily when ever I logged on to social media.,0.281,0.719,0.0,-0.8481,negative
How can I be your distributor?,0.0,1.0,0.0,0.0,neutral
"You see that your spaghetti eh,anything way go make Una change the quality eh I render it useless as ""K"" in ""knife""........you're doing well",0.104,0.818,0.078,-0.1779,neutral
Gp should just make me their ambassador kawai because me na Gp chef...,0.0,1.0,0.0,0.0,neutral
How can one be a distributor of ur products?any help ?,0.0,0.766,0.234,0.4696,neutral
My best is spag and vegetable oil,0.0,0.588,0.412,0.6369,positive
I love your products most especially golden penny spaghetti.,0.0,0.656,0.344,0.6369,positive
My golden penny foods one like no other,0.206,0.561,0.234,0.0772,neutral
Best product,0.0,0.192,0.808,0.6369,positive
The spag and semovita is everything for me,0.0,1.0,0.0,0.0,neutral
Your spag is the best of best!!! Unbeatable,0.0,0.393,0.607,0.8827,positive
"The best! Love your indomie...spaghetti, butter....infact all of your products!",0.0,0.471,0.529,0.8745,positive
"Love your product so much,please keep it up",0.0,0.625,0.375,0.6369,positive
The spaghetti is the best,0.0,0.488,0.512,0.6369,positive
I love ur golden penny spaghetti but u guys increase the pack from 250 to 270,0.0,0.716,0.284,0.6757,positive
"Golden penny is my best choice , the aroma is so attractive when ever the are cooking it, if u don't like please try and learn it is best",0.101,0.597,0.302,0.877,positive
"Golden peny butter is very bad,strong and taste like a local groundnut oil",0.0,0.828,0.172,0.3612,neutral
"The advert song sweet me, how  can I download it Gelden penny is best  product in market.",0.0,0.676,0.324,0.802,positive
Golden penny foods forever Tasty!,0.0,1.0,0.0,0.0,neutral
Best and favorite brand thank you golden penny,0.0,0.34,0.66,0.8658,positive
"I love ur spaghetti, macaroni and semovita..",0.0,0.588,0.412,0.6369,positive
"The advert song sweet, how can I download it. Congrats",0.0,0.556,0.444,0.7506,positive
I want to cook the spaghetti and macaroni and it always taste delicious,0.0,0.688,0.312,0.6124,positive
My favorite product......I love it like never before,0.0,0.34,0.66,0.8658,positive
Golden penny is the best food that i like,0.0,0.511,0.489,0.7717,positive
", it just that you people have changed your product not like before especially the semovita I pray this your new products should fine",0.078,0.772,0.151,0.2477,neutral
My golden penny my everything happiest 60th anniversary to my company,0.0,0.704,0.296,0.6369,positive
"The butter I bought yesterday is really watering,I am confused as to consuming it",0.165,0.835,0.0,-0.3744,neutral
Spaghetti and semolina is my best,0.0,0.543,0.457,0.6369,positive
Happy 60th anniversary golden penny Foods more wins,0.0,0.438,0.562,0.8268,positive
Golden penny or no other pasta,0.306,0.694,0.0,-0.296,neutral
Golden penny nice products,0.0,0.517,0.483,0.4215,neutral
Their spaghetti na die I can't do without it is just simple d best pls keep it up,0.16,0.615,0.225,0.1531,neutral
But d butter is a no for me,0.286,0.714,0.0,-0.4215,neutral
"Ur spaghetti ,sugar and semovita  is bea",0.0,1.0,0.0,0.0,neutral
My right hand brand since childhood,0.0,0.61,0.39,0.4939,neutral
Your noodles is not good,0.376,0.624,0.0,-0.3412,neutral
Golden penny is the best. Much love,0.0,0.373,0.627,0.8555,positive
We need this for cooking contest,0.0,1.0,0.0,0.0,neutral
"The spaghetti, semo ...is really good",0.0,0.61,0.39,0.4927,neutral
You are the best golden penny,0.0,0.543,0.457,0.6369,positive
Golden Penny is the best.,0.0,0.488,0.512,0.6369,positive
Ur products is still my top secret,0.0,0.769,0.231,0.2023,neutral
The bread spread is not bad too,0.0,0.678,0.322,0.431,neutral
D spaghetti and semo are,0.0,1.0,0.0,0.0,neutral
"Quality food, feeding the nation everyday",0.0,1.0,0.0,0.0,neutral
Ur products are too cost. Help Nigeria out,0.0,0.722,0.278,0.4019,neutral
"Gdevening ooh,pls ooh am in Enugu and don't seem to see ur products anymore,both in shops, supermarkets and the market places,pls address it ooh",0.0,1.0,0.0,0.0,neutral
My golden penny my everything,0.0,1.0,0.0,0.0,neutral
Golden penny spaghetti is my best,0.0,0.543,0.457,0.6369,positive
Spaghetti top notch,0.0,0.526,0.474,0.2023,neutral
Please I need employment in your company,0.0,0.723,0.277,0.3182,neutral
Golden penny please retain this quality don't change,0.0,0.753,0.247,0.3182,neutral
"Golden penny today, golden penny forever",0.0,1.0,0.0,0.0,neutral
Are u sure this is the way all this Muslim men sit wit their wives to eat? Hmm. That's all I noticed... Their women are usually relegated to d background.,0.0,0.927,0.073,0.3182,neutral
I love golden penny foods is awesome,0.0,0.376,0.624,0.8519,positive
I love golden penny products.,0.0,0.488,0.512,0.6369,positive
Quality products assured especially the spagh and semo,0.0,0.737,0.263,0.3612,neutral
Golden Penny spaghetti is my best,0.0,0.543,0.457,0.6369,positive
Cobv,0.0,1.0,0.0,0.0,neutral
The best so far,0.0,0.417,0.583,0.6369,positive
"True talk, Gpenny more than the best",0.0,0.408,0.592,0.8055,positive
Masha allah I love mom,0.0,0.488,0.512,0.6369,positive
Golden penny product I love,0.0,0.488,0.512,0.6369,positive
Mmmnice,0.0,1.0,0.0,0.0,neutral
I love Golden penny,0.0,0.417,0.583,0.6369,positive
P,0.0,1.0,0.0,0.0,neutral
G,0.0,1.0,0.0,0.0,neutral
Quality products I love them all,0.0,0.543,0.457,0.6369,positive
I can testify,0.0,1.0,0.0,0.0,neutral
Chei!! Wia una dey for Abia State.,0.0,1.0,0.0,0.0,neutral
Vayfukak,0.0,1.0,0.0,0.0,neutral
Golden pasta d best,0.0,0.417,0.583,0.6369,positive
"The best of all,golden Penny",0.0,0.488,0.512,0.6369,positive
Best product ever,0.0,0.323,0.677,0.6369,positive
I like golden penny,0.0,0.545,0.455,0.3612,neutral
My family's choice,0.0,1.0,0.0,0.0,neutral
Nice Quality.,0.0,0.263,0.737,0.4215,neutral
Golden penny I love,0.0,0.417,0.583,0.6369,positive
Wonderful,0.0,0.0,1.0,0.5719,positive
0600053243.,0.0,1.0,0.0,0.0,neutral
Okay,0.0,0.0,1.0,0.2263,neutral
I love this advert,0.0,0.417,0.583,0.6369,positive
Nice advert,0.0,0.263,0.737,0.4215,neutral
Food is good,0.0,0.408,0.592,0.4404,neutral
Ur products are perfectly ok,0.0,0.319,0.681,0.7506,positive
I love that a family eat nice good,0.0,0.336,0.664,0.872,positive
The love life,0.0,0.323,0.677,0.6369,positive
Ilikeit,0.0,1.0,0.0,0.0,neutral
Golden penny is the best,0.0,0.488,0.512,0.6369,positive
I love the song,0.0,0.417,0.583,0.6369,positive
Your products are great,0.0,0.423,0.577,0.6249,positive
T5,0.0,1.0,0.0,0.0,neutral
Golen penny Semovita and Pasta are the best!,0.0,0.609,0.391,0.6696,positive
Una dy try well well,0.0,0.417,0.583,0.4939,neutral
Quality products,0.0,1.0,0.0,0.0,neutral
"Keep it up,l love your products",0.0,0.543,0.457,0.6369,positive
I love  this  video,0.0,0.417,0.583,0.6369,positive
I,0.0,1.0,0.0,0.0,neutral
I love your product so much,0.0,0.543,0.457,0.6369,positive
Love them all.,0.0,0.323,0.677,0.6369,positive
"I love all your product, keep it up",0.0,0.625,0.375,0.6369,positive
Yeaa una pasta is top notch,0.0,0.735,0.265,0.2023,neutral
I love ur product do much .,0.0,0.588,0.412,0.6369,positive
Safe reliant,0.0,0.0,1.0,0.5267,positive
Carry go,0.0,1.0,0.0,0.0,neutral
Normal,0.0,1.0,0.0,0.0,neutral
Food is good owww,0.0,0.508,0.492,0.4404,neutral
Best quality products all the way God bless Gpenny foods & God bless Naija#Feeding the nation,0.0,0.44,0.56,0.9186,positive
Please just keep it up ok,0.0,0.471,0.529,0.5423,positive
I love every of your products I’ve tried,0.0,0.625,0.375,0.6369,positive
Love all your product,0.0,0.417,0.583,0.6369,positive
I love ur spaghetti and macaroni,0.0,0.543,0.457,0.6369,positive
I love Golden Penny product,0.0,0.488,0.512,0.6369,positive
Pls do improve your semovita is not good again,0.191,0.476,0.333,0.2008,neutral
I love the golden penny gaari it very much okay,0.0,0.556,0.444,0.749,positive
The spag is superb,0.0,0.423,0.577,0.6249,positive
Golden penny for life,0.0,1.0,0.0,0.0,neutral
The Best,0.0,0.192,0.808,0.6369,positive
Congratulations . So wetin una go find us for patronizing you for 60 years.,0.0,0.769,0.231,0.5994,positive
Golden penny spaghetti the best,0.0,0.488,0.512,0.6369,positive
Congratulations,0.0,0.0,1.0,0.5994,positive
I love that,0.0,0.323,0.677,0.6369,positive
Am proud of you guys,0.0,0.563,0.437,0.4767,neutral
Congratulations!,0.0,0.0,1.0,0.636,positive
The best spaghetti,0.0,0.323,0.677,0.6369,positive
My favorite pasta,0.0,0.4,0.6,0.4588,neutral
Awesome work Golden penny pasta,0.0,0.494,0.506,0.6249,positive
Best among all,0.0,0.323,0.677,0.6369,positive
"Golden penny pasta, the oga kpata kpata of them all....",0.0,1.0,0.0,0.0,neutral
Come Rivers state too,0.0,1.0,0.0,0.0,neutral
Golden penny spaghetti is the best,0.0,0.543,0.457,0.6369,positive
The best of the best,0.0,0.263,0.737,0.8555,positive
Come to Obafemi Awolowo University,0.0,1.0,0.0,0.0,neutral
Come to Enugu Abakpa,0.0,1.0,0.0,0.0,neutral
My favourite.,0.0,1.0,0.0,0.0,neutral
What time are you guys closing,0.0,1.0,0.0,0.0,neutral
Opporrr,0.0,1.0,0.0,0.0,neutral
The quantity is so small and it's expensive now my family favorite pasta. Please increase the quantity or reduce the price.,0.0,0.703,0.297,0.765,positive
Wow spark I'm the love of spark make me one of your ambassador and I'll be glad because it's my best food to eat,0.0,0.486,0.514,0.9584,positive
If not for spaghetti.,0.0,1.0,0.0,0.0,neutral
I love you golden penny,0.0,0.488,0.512,0.6369,positive
.,0.0,1.0,0.0,0.0,neutral
Alvan is ready,0.0,0.444,0.556,0.3612,neutral
Are guys still in Absu,0.0,1.0,0.0,0.0,neutral
una don try for we Absu students. But I no receive any gift shaa,0.15,0.643,0.206,0.2617,neutral
The Best spaghetti,0.0,0.323,0.677,0.6369,positive
Absu,0.0,1.0,0.0,0.0,neutral
Location,0.0,1.0,0.0,0.0,neutral
When will you be around us please?,0.0,0.723,0.277,0.3182,neutral
Una suppose give me ambassadorial endorsement.,0.0,0.685,0.315,0.3182,neutral
"Come to unn ,",0.0,1.0,0.0,0.0,neutral
Thank you for coming to unical,0.0,0.667,0.333,0.3612,neutral
Golden penny pasta,0.0,1.0,0.0,0.0,neutral
Best pasta ever,0.0,0.323,0.677,0.6369,positive
My family,0.0,1.0,0.0,0.0,neutral
Bring the fun to Portharcourt,0.0,0.548,0.452,0.5106,positive
I want pasta and the umbrella,0.0,0.794,0.206,0.0772,neutral
"Come to OAU, I'll be willing to help you sort out logistics, booking of venue and publicity",0.0,0.856,0.144,0.4019,neutral
Golden Pasta for a reason,0.0,1.0,0.0,0.0,neutral
Golden penny is the best.,0.0,0.488,0.512,0.6369,positive
More love,0.0,0.182,0.818,0.6697,positive
"My no.1 favorite brand, if I no see golden penny pasta buy I no fit eat spaghetti, semovita etc.",0.185,0.686,0.129,-0.0798,neutral
You guys are the best,0.0,0.488,0.512,0.6369,positive
Best,0.0,0.0,1.0,0.6369,positive
None like   food,0.513,0.487,0.0,-0.2755,neutral
Reduce the price oooo,0.0,1.0,0.0,0.0,neutral
Myself and my children love it like........,0.0,0.427,0.573,0.7717,positive
My company before I miss working with golden penny,0.167,0.833,0.0,-0.1531,neutral
My Pasta 4Life,0.0,1.0,0.0,0.0,neutral
Nyce,0.0,1.0,0.0,0.0,neutral
Let me not meet the guy,0.0,1.0,0.0,0.0,neutral
"Chaiiii golden penny spaghetti the give me joy, the best",0.0,0.5,0.5,0.8402,positive
"The way I love Golden penny pasta ehh like I don’t get tired of eating it ,the twist macaroni ah  make  just send me package  first i go dance  ehh",0.079,0.738,0.183,0.5859,positive
Yes oooooo na our pattern oooo na rough i dey blend my tomatoes pepper shombo nd tatashe,0.0,0.856,0.144,0.4019,neutral
the oga kpatakpata of them all.,0.0,1.0,0.0,0.0,neutral
Golden penny is the real deal,0.0,1.0,0.0,0.0,neutral
I'll love to try ds your recipe especially the creamer,0.0,0.682,0.318,0.6369,positive
Looks yummy. Will try it out,0.0,0.595,0.405,0.5267,positive
I hate it when I go to buy spaghetti and see that its spaghettini I bought. I hate those tiny strands ehh,0.27,0.73,0.0,-0.8126,negative
Golden penny or nothing,0.0,1.0,0.0,0.0,neutral
Golden penny the number one pasta,0.0,0.794,0.206,0.0772,neutral
"stray bullet meet me for no just reason. since my bladder spoil, na so people they look me like mad woman because any time i went to engine to grand my tomatoes,i end up breaking the tomatoes    , i don't like eating smooth tomatoes stew, and i hate frying it. There is this joy and fulfillment i feel with my roughly blended/ sliced tomatoes stew.",0.142,0.732,0.126,-0.0541,neutral
"Any other pasta you buy for my mummy outside Golden penny Pasta must be returned back oooo , that has fallen in love to the point that once she taste your Pasta and it's not her ""Odogwu Golden penny"" she will know.",0.054,0.857,0.09,0.4019,neutral
I love spaghettini too,0.0,0.417,0.583,0.6369,positive
My baby so much love spaghettini especially this golden penny,0.0,0.668,0.332,0.6682,positive
Wetin be the name of the cream wey u put inside the pasta? I no understand,0.128,0.872,0.0,-0.296,neutral
My best,0.0,0.192,0.808,0.6369,positive
Nice one please what's the name of the creamer I would like to try it out,0.0,0.631,0.369,0.765,positive
"I cut mine , I don't like it blended",0.376,0.624,0.0,-0.4956,neutral
"abeg shift small, ehenn fine woman, na that cloth style I want. tankio",0.0,0.78,0.22,0.2732,neutral
Omo no be only you ooo,0.306,0.694,0.0,-0.296,neutral
Golden Penny or no other spaghetti the big one in particular I'm not a fun of slim,0.246,0.754,0.0,-0.5996,negative
Na your beauty i dey watch not your food,0.0,0.678,0.322,0.5859,positive
"Eheeee,I bia,atleast this is better than the ones you use nkwobi sauce and co,I can testify without eating that this is purging free.",0.0,0.772,0.228,0.7351,positive
I love golden penny,0.0,0.417,0.583,0.6369,positive
You are also funny,0.0,0.508,0.492,0.4404,neutral
My best spaghetti,0.0,0.323,0.677,0.6369,positive
"Me too o, I do it",0.0,1.0,0.0,0.0,neutral
Is you I like,0.0,0.545,0.455,0.3612,neutral
What's the name of the cream,0.0,1.0,0.0,0.0,neutral
"Na this kind Golden penny you the serve Oga aproko doctor wey make am the thick, very soon we go begin report you people because Golden penny wey person the manage the buy 1k now the make am 1,350 because of too much advert",0.0,0.927,0.073,0.5267,positive
Yea the tomato and pepper sauce is much better because sometimes one gets tired of the real  stew made from smoothly blended ....,0.108,0.784,0.108,0.0,neutral
Exactly what am eating right now,0.0,1.0,0.0,0.0,neutral
"I'm not a fan of spaghetti, but you see golden penny na the main deal when it comes to pasta.",0.072,0.928,0.0,-0.1232,neutral
Mother in love,0.0,0.323,0.677,0.6369,positive
this is the slim spag am telling you. Only seen in Lagos and Ogun. But very good. Can't find it in PH,0.0,0.83,0.17,0.6474,positive
I don't like it when its smooth.,0.26,0.74,0.0,-0.2755,neutral
That's good pasta.,0.0,0.408,0.592,0.4404,neutral
My favorite pasta  Golden penny you dey give me joy,0.0,0.541,0.459,0.7783,positive
"It tastes good, I just tasteit now",0.0,0.674,0.326,0.4404,neutral
Always yummy,0.0,0.227,0.773,0.5267,positive
Now I'm craving pasta,0.0,1.0,0.0,0.0,neutral
My best Spaghetti....I don't buy any other product apart from Golden penny,0.0,0.724,0.276,0.6369,positive
Golden penny pasta is the best. The texture is outstanding. Old and gold,0.0,0.573,0.427,0.8481,positive
Golden penny is one on the best spag in the market,0.0,0.704,0.296,0.6369,positive
I do it too,0.0,1.0,0.0,0.0,neutral
Is the best,0.0,0.323,0.677,0.6369,positive
I love paste not rough blend,0.0,0.543,0.457,0.6369,positive
I love golden penny pasta,0.0,0.488,0.512,0.6369,positive
My favorite pasta not to slim not to thick,0.0,0.727,0.273,0.4588,neutral
I do it too I blend rough,0.0,1.0,0.0,0.0,neutral
"I buy in rumuokoro market , malls, even Igwuruta market too,",0.0,1.0,0.0,0.0,neutral
Golden penny pasta  my favorite ... Golden penny pasta or nothing,0.0,0.769,0.231,0.4588,neutral
The creamy is a no no for me.,0.0,0.788,0.212,0.2235,neutral
"I don't like this Spaghettini, I prefer the other one.",0.19,0.81,0.0,-0.2755,neutral
The best among the rest,0.0,0.488,0.512,0.6369,positive
Why is she mentioning my name,0.0,1.0,0.0,0.0,neutral
if is  not golden penny forget it,0.0,0.783,0.217,0.1695,neutral
The best of the best .,0.0,0.323,0.677,0.8555,positive
"Ur igbo no b here, but the pasta na ogbonge",0.151,0.849,0.0,-0.1531,neutral
Spaghetti is my best food,0.0,0.488,0.512,0.6369,positive
Ewooo where is my own share please,0.0,0.526,0.474,0.5423,positive
I don’t like spaghettini joor,0.0,0.615,0.385,0.3612,neutral
If it's too smooth not for me,0.0,1.0,0.0,0.0,neutral
Golden penny all the way.,0.0,1.0,0.0,0.0,neutral
I do am wella,0.0,1.0,0.0,0.0,neutral
Ur husband advocate none consumption of processed food and now dis,0.0,1.0,0.0,0.0,neutral
I don’t like smooth tomatoes,0.0,0.615,0.385,0.3612,neutral
"My name sake, Weldon",0.0,1.0,0.0,0.0,neutral
"Golden Penny is the best any day, any time",0.0,0.656,0.344,0.6369,positive
Otooka,0.0,1.0,0.0,0.0,neutral
Okwa di gi si anyi erizina proccessed food ehhhh sakemmm,0.0,1.0,0.0,0.0,neutral
No be that Dr wife be this,0.268,0.732,0.0,-0.296,neutral
Amaka Nne you’re doing well,0.0,0.656,0.344,0.2732,neutral
"Best pasta in Nigeria , no cap",0.193,0.439,0.368,0.4588,neutral
@,0.0,1.0,0.0,0.0,neutral
Golden penny spaghetti the best ever,0.0,0.543,0.457,0.6369,positive
"Golden penny Spaghetti, always the best",0.0,0.543,0.457,0.6369,positive
LoL,0.0,0.0,1.0,0.4215,neutral
Smiles,0.0,0.0,1.0,0.4767,neutral
Chef Amaka,0.0,1.0,0.0,0.0,neutral
Nd na d exact thing wey I dey chop now like this,0.0,0.815,0.185,0.3612,neutral
"Words alone cannot describe the trust and love I have for golden penny pasta, I can't do without gppasta in a day.",0.169,0.681,0.151,0.1275,neutral
Delicious Golden penny pasta,0.0,0.448,0.552,0.5719,positive
Amazing,0.0,0.0,1.0,0.5859,positive
Best pasta!!!,0.0,0.165,0.835,0.7249,positive
Excellent,0.0,0.0,1.0,0.5719,positive
Golden penny is actually my best pasta,0.0,0.588,0.412,0.6369,positive
I don't even think golden penny pasta should still be having advert cus it is the king of all pasta,0.0,1.0,0.0,0.0,neutral
this is d real spaghetti,0.0,1.0,0.0,0.0,neutral
I love Golden penny pasta too.,0.0,0.543,0.457,0.6369,positive
"Golden penny,calm down u are still the best.",0.0,0.625,0.375,0.6369,positive
I love  a lot.. Any other pasta is counterfeit,0.0,0.656,0.344,0.6369,positive
"The best pasta  ever, I love golden penny pasta so much",0.0,0.517,0.483,0.8555,positive
No matter how golden penny is expensive in the market it's still the best of them all I love it,0.041,0.642,0.317,0.8529,positive
I love golden penny pasta but it's now very expensive for us student,0.0,0.822,0.178,0.3818,neutral
"My love for golden penny pasta is on a premium level, I've never go wrong with it",0.0,0.69,0.31,0.7753,positive
Golden penny pasta my favorite,0.0,0.571,0.429,0.4588,neutral
"This is exactly what I and kid had this afternoon, so tasty",0.0,1.0,0.0,0.0,neutral
Always reminds me of home,0.0,1.0,0.0,0.0,neutral
The best of the best. If not golden penny I no chop pasta.,0.107,0.485,0.408,0.802,positive
It's just the best,0.0,0.417,0.583,0.6369,positive
It's my family favorite,0.0,0.5,0.5,0.4588,neutral
Golden Penny pasta is the best,0.0,0.543,0.457,0.6369,positive
Number one pasta brand in Nigeria,0.0,0.794,0.206,0.0772,neutral
Omo if no golden penny pasta no pasta swears I do buy a pack,0.335,0.665,0.0,-0.5496,negative
One of my favorite pasta brands,0.0,0.625,0.375,0.4588,neutral
Golden Penny pasta is the reason that I still eat pasta,0.0,1.0,0.0,0.0,neutral
It's so yummy yummy,0.0,0.213,0.787,0.8111,positive
I love this pasta,0.0,0.417,0.583,0.6369,positive
My best yummy,0.0,0.116,0.884,0.8225,positive
"why are you people not commenting about the guy post, suddenly everyone love golden penny",0.0,0.769,0.231,0.6369,positive
Golden penny is so good honestly  that’s only what I eat,0.0,0.562,0.438,0.7917,positive
Golden penny or no pasta.,0.355,0.645,0.0,-0.296,neutral
"I can't imagine my kitchen without golden penny pasta even if it is one,my best pasta ever.",0.0,0.792,0.208,0.6369,positive
U don't like golden penny ke,0.297,0.703,0.0,-0.2755,neutral
Golden penny and crown pasta for life,0.0,1.0,0.0,0.0,neutral
"Wow una still dey eat pasta, lol, ever since Golden pasta increased their price I just quit buying. Asides being expensive it's really the best .",0.0,0.625,0.375,0.9213,positive
Golden pasta is delicious,0.0,0.448,0.552,0.5719,positive
Golden penny spaghetti is the best because it does not stick together,0.0,0.724,0.276,0.6369,positive
My pasta,0.0,1.0,0.0,0.0,neutral
"But lets not lie, golden penny is goooooood.my best",0.0,0.58,0.42,0.7783,positive
The only product I've had all my life.,0.0,1.0,0.0,0.0,neutral
Too expensive abeg.......,0.0,1.0,0.0,0.0,neutral
The best pasta fr,0.0,0.417,0.583,0.6369,positive
I just love the song in the background,0.0,0.625,0.375,0.6369,positive
"Why the advert nahh?all the golden penny products remains the best and the masses know it. We buy other products only because we don't have enough money to buy the best. I love it all ranging from sugar, pastas, floor etc",0.0,0.751,0.249,0.9274,positive
Delicious Golden penny pasta Great taste,0.0,0.339,0.661,0.8316,positive
Golden peny pasta  is actually my best,0.0,0.588,0.412,0.6369,positive
"They are the best,with or without advert",0.0,1.0,0.0,0.0,neutral
Golden Penny is the best of them all. And will always be!,0.0,0.71,0.29,0.6696,positive
Like Love,0.0,0.0,1.0,0.7717,positive
me too we are only two girls in my family,0.0,1.0,0.0,0.0,neutral
Oh yummy food,0.0,0.37,0.63,0.5267,positive
It's unique taste,0.0,1.0,0.0,0.0,neutral
It's filling and satisfying,0.0,0.5,0.5,0.4588,neutral
My favorite always,0.0,0.4,0.6,0.4588,neutral
Golden penny macaroni is my best pasta,0.0,0.588,0.412,0.6369,positive
"Aunty please help me, i really needs your help please",0.0,0.369,0.631,0.8505,positive
"I couldn't get it in this town , I went to get it in another town",0.0,1.0,0.0,0.0,neutral
Golden penny the best,0.0,0.417,0.583,0.6369,positive
"Golden penny doesn't have any competitor, it's the best!",0.0,0.64,0.36,0.6696,positive
i love it but abeg make una reduce price for us,0.0,0.794,0.206,0.3818,neutral
Golden penny is best,0.0,0.417,0.583,0.6369,positive
I love spaghetti,0.0,0.323,0.677,0.6369,positive
The best pasta there is and would ever be,0.0,0.656,0.344,0.6369,positive
"If it’s not golden penny pasta, then it’s not pasta at all",0.0,1.0,0.0,0.0,neutral
Too expensive for students.,0.0,1.0,0.0,0.0,neutral
Me and pasta na 5&6,0.0,1.0,0.0,0.0,neutral
Had  for lunch. The best I must say,0.0,0.625,0.375,0.6369,positive
MY FAVOURITE,0.0,1.0,0.0,0.0,neutral
You guys has really reduced this pasta,0.0,1.0,0.0,0.0,neutral
Congratulations the BEST CHAMPION OF ALL TIME,0.0,0.229,0.771,0.9378,positive
Nice and of good quality,0.0,0.345,0.655,0.6908,positive
That is  my favourite,0.0,1.0,0.0,0.0,neutral
I used to avoid other ones but it’s too expensive nd not even as full as before,0.091,0.909,0.0,-0.1531,neutral
You guy's should work on your noodles as well,0.0,0.792,0.208,0.2732,neutral
It's too expensive,0.0,1.0,0.0,0.0,neutral
If Dem like make Dem copy Dem tire no brand of pasta fit beat Golden penny,0.109,0.644,0.248,0.4215,neutral
GOD bless FMN,0.0,0.151,0.849,0.6841,positive
Best paster ever,0.0,0.323,0.677,0.6369,positive
it. Good,0.0,0.256,0.744,0.4404,neutral
My No 1 pasta,0.423,0.577,0.0,-0.296,neutral
Reminds me of home,0.0,1.0,0.0,0.0,neutral
It's expensive n it's no longer full,0.268,0.732,0.0,-0.296,neutral
How are you,0.0,1.0,0.0,0.0,neutral
Your pasta is good ohh but it's no longer affordable,0.22,0.627,0.153,-0.2144,neutral
So why are you guys reducing the quality and also increasing the amount,0.0,1.0,0.0,0.0,neutral
You guys should reduce the price  and stop this all advert,0.18,0.82,0.0,-0.296,neutral
This is amazing,0.0,0.345,0.655,0.5859,positive
There's no macaroni in d whole of Calabar expect twist,0.196,0.804,0.0,-0.296,neutral
Simply the best.,0.0,0.323,0.677,0.6369,positive
This is not just for typing sakes.,0.0,1.0,0.0,0.0,neutral
It's actually the best,0.0,0.417,0.583,0.6369,positive
As I no get Money na him make I ever enter relationship,0.167,0.833,0.0,-0.296,neutral
U guys are good,0.0,0.508,0.492,0.4404,neutral
The best shaa,0.0,0.323,0.677,0.6369,positive
a u guys the best honestly,0.0,0.357,0.643,0.802,positive
"I love spaghettini,because it gives joy",0.0,0.333,0.667,0.8402,positive
Wat kind of play is this on my baby,0.0,0.792,0.208,0.2748,neutral
Golden penny remains the best!.,0.0,0.471,0.529,0.6696,positive
The best among all but i can't avoid it again too expensive,0.0,0.67,0.33,0.6036,positive
Amen Amen Amen,0.0,1.0,0.0,0.0,neutral
The best,0.0,0.192,0.808,0.6369,positive
E no dey ok person again,0.505,0.495,0.0,-0.4745,neutral
They will learn,0.0,1.0,0.0,0.0,neutral
Guy run ￼ooo,0.0,1.0,0.0,0.0,neutral
The best pasta ever. My love for it is much,0.0,0.488,0.512,0.8555,positive
Ameen ya Allah,0.0,1.0,0.0,0.0,neutral
How can one be your distributor?,0.0,1.0,0.0,0.0,neutral
Daniel Fx,0.0,1.0,0.0,0.0,neutral
Golden penny is my best pasta,0.0,0.543,0.457,0.6369,positive
Golden Penny is actually my family best pasta,0.0,0.625,0.375,0.6369,positive
Indeed,0.0,1.0,0.0,0.0,neutral
You want to kill her?,0.522,0.333,0.144,-0.6597,negative
best always just the increased price,0.0,0.388,0.612,0.743,positive
It is the best pasta ever,0.0,0.543,0.457,0.6369,positive
Best and affordable,0.0,0.323,0.677,0.6369,positive
You enjoy slurping,0.0,0.385,0.615,0.4939,neutral
Chaii . Na who get moni dey enjoy life,0.0,0.714,0.286,0.4939,neutral
H,0.0,1.0,0.0,0.0,neutral
Oh,0.0,1.0,0.0,0.0,neutral
",uncle zukwanuike",0.0,1.0,0.0,0.0,neutral
"Mama Obum Global you just gain a follower, you really make sense",0.0,0.764,0.236,0.5267,positive
Hmmmmm,0.0,1.0,0.0,0.0,neutral
True,0.0,0.0,1.0,0.4215,neutral
Enu po!!,0.0,1.0,0.0,0.0,neutral
Hi,0.0,1.0,0.0,0.0,neutral
DARA,0.0,1.0,0.0,0.0,neutral
Wild,0.0,1.0,0.0,0.0,neutral
I can't really find Spaghettini in the stores anymore,0.0,1.0,0.0,0.0,neutral
Spaghetti or nothing !,0.0,1.0,0.0,0.0,neutral
Happy Friday Greetings From All of Us at,0.0,0.48,0.52,0.7579,positive
I just had a corcontion one,0.0,1.0,0.0,0.0,neutral
spaghetti,0.0,1.0,0.0,0.0,neutral
Stir fry Spaghettini,0.0,1.0,0.0,0.0,neutral
Amazing job,0.0,0.208,0.792,0.5859,positive
Really,0.0,1.0,0.0,0.0,neutral
Spaghetti don dey hungry me now,0.0,1.0,0.0,0.0,neutral
Another pasta dey apart from golden penny pasta? Golden penny or no pasta,0.155,0.845,0.0,-0.296,neutral
"@Olori adewale , people think I'm too traditional, but everything my mom raised us with is what I cook I swear, golden penny, Maggi star and many traditional spices, the pasta part, I can't even afford to replace wallahi",0.033,0.967,0.0,-0.0772,neutral
"In term of pasta, Golden penny is the king",0.0,1.0,0.0,0.0,neutral
Golden penny please do u have indomie branch in Delta state pls it's the only one I eat since I came to sch here I can't even find it,0.0,0.882,0.118,0.3818,neutral
Normally ..my ex makes the best spaghetti,0.0,0.588,0.412,0.6369,positive
Take ur flower dear golden penny,0.0,0.658,0.342,0.3818,neutral
I swr Golden penny don bring back memories ,0.0,1.0,0.0,0.0,neutral
The best though... Last longer on d ,0.0,0.588,0.412,0.6369,positive
Rosted golden penny pasta,0.0,1.0,0.0,0.0,neutral
", salivating already",0.0,1.0,0.0,0.0,neutral
Golden Penny Pasta has been our preferred pasta for a long time as a family.,0.0,1.0,0.0,0.0,neutral
Golden penny pasta is my day one padi ,0.0,1.0,0.0,0.0,neutral
Normally Golden Penny Pasta na king of Pasta,0.0,1.0,0.0,0.0,neutral
If you are not cooking golden pasta what are you cooking?,0.0,1.0,0.0,0.0,neutral
I LOVE GOLDEN PENNY ,0.0,0.417,0.583,0.6369,positive
Just while I'm eating my golden penny pasta ,0.0,1.0,0.0,0.0,neutral
I love godden penny pasta,0.0,0.488,0.512,0.6369,positive
That’s my favourite pasta,0.0,1.0,0.0,0.0,neutral
I'm officially a Golden penny Fan now. Lol,0.0,0.541,0.459,0.6249,positive
Golden penny so far the best I’ve known,0.0,0.611,0.389,0.6666,positive
Everything about this video is perfect,0.0,0.575,0.425,0.5719,positive
Golden Penny make sense.,0.0,1.0,0.0,0.0,neutral
Lol,0.0,0.0,1.0,0.4215,neutral
Just finished eating mine now,0.0,1.0,0.0,0.0,neutral
"Dat is how I saw a guy last night,he was making call, telling his gf to cook pasta for him.... ",0.0,1.0,0.0,0.0,neutral
"If not golden penny, no other.",0.0,0.726,0.274,0.2235,neutral
If it's not Golden Penny pasta ,0.0,1.0,0.0,0.0,neutral
Leave me ohhh. When we were together you dey do shakara,0.107,0.893,0.0,-0.0516,neutral
I actually know only Golden penny pasta.,0.0,1.0,0.0,0.0,neutral
No cap golden penny is the best spaghetti since I was a child till now. None comes close.,0.098,0.714,0.188,0.4588,neutral
Golden penny pasta and brown beans,0.0,1.0,0.0,0.0,neutral
"Golden Penny pasta with panla fish and enough cabbage,carrot and egg oh my world the feeling is outta this world",0.0,0.927,0.073,0.128,neutral
Golden penny still remains the best.,0.0,0.543,0.457,0.6369,positive
"If it is not golden penny pasta, then i am not buying",0.0,1.0,0.0,0.0,neutral
Always buy that once my salary is being pay,0.149,0.851,0.0,-0.1027,neutral
I so much love golden penny pasta,0.0,0.573,0.427,0.6682,positive
Golden penny anytime,0.0,1.0,0.0,0.0,neutral
The best. My favorite,0.0,0.217,0.783,0.802,positive
I have non,0.0,1.0,0.0,0.0,neutral
I swear golden peñny pasta with alot of fish inside back then that guy no get any other food other than golden peñny pasta,0.134,0.866,0.0,-0.34,neutral
My favourite,0.0,1.0,0.0,0.0,neutral
And I will be eaten Golden Penny Pasta tomorrow for launch ,0.0,1.0,0.0,0.0,neutral
The best of them all ,0.0,0.488,0.512,0.6369,positive
"No golden penny pasta, no other pasta",0.468,0.532,0.0,-0.5267,negative
All the way,0.0,1.0,0.0,0.0,neutral
"Wow that's so lovely,,, I love Golden Penny Pasta bcs it does not mashed together an the taste is heavenly that's what me an my family eat always",0.0,0.595,0.405,0.9542,positive
"I love Golden Penny Pasta because is easy to cook, delicious, nutritious and the nice felling I get when eating it",0.0,0.556,0.444,0.9274,positive
"It’s easy to cook ,delicious , have a pleasant texture and is not mushy",0.0,0.526,0.474,0.872,positive
"I love Golden Penny Pasta cos it's non soggy, filling,nourishing and I could go on and on",0.0,0.792,0.208,0.6369,positive
I love the taste and the method of preparing,0.0,0.656,0.344,0.6369,positive
Tasha still carry classic bread go date...chai,0.0,1.0,0.0,0.0,neutral
Be like say na this Golden penny pasta dey ruin den,0.248,0.588,0.163,-0.3182,neutral
May God bless his memory(rip monox),0.0,0.449,0.551,0.5994,positive
Edited,0.0,1.0,0.0,0.0,neutral
Mine’s RC cola/RC orange and indomie with egg broken inside,0.256,0.744,0.0,-0.4767,neutral
If not golden penny sphag we aren't cooking any other at home.... mummy said so. and she go add am big fat fresh fried fish,0.0,0.913,0.087,0.3182,neutral
I asked myself what about the bread....but I wait till the end,0.0,1.0,0.0,0.0,neutral
"Honestly, I wasn't expecting the bread.",0.0,0.625,0.375,0.4588,neutral
Bread with spaghetti??,0.0,1.0,0.0,0.0,neutral
Whenever I eat white rice with catfish pepper soup alone,0.182,0.818,0.0,-0.25,neutral
Me bean and rice,0.0,1.0,0.0,0.0,neutral
"When I thought I have seen it all, she combined bread with spaghetti ",0.0,1.0,0.0,0.0,neutral
"Beans ,he want use beans kill me",0.427,0.455,0.118,-0.6597,negative
If this girl never eat bread she never start,0.0,1.0,0.0,0.0,neutral
Mbok that bread was very necessary so the food go weigh,0.0,1.0,0.0,0.0,neutral
"My problem is not the Ex oo, is that why are the now selling the size of spaghettini as spaghetti",0.124,0.876,0.0,-0.4019,neutral
You still carry bread?,0.0,1.0,0.0,0.0,neutral
I was waiting for dat bread,0.0,1.0,0.0,0.0,neutral
You dey use bread chop spag for restaurant... which kain behaviour be this?,0.0,1.0,0.0,0.0,neutral
Me & my guy that year ,0.0,1.0,0.0,0.0,neutral
Catfish pepper soup,0.0,1.0,0.0,0.0,neutral
You no fit leave this ur bread,0.256,0.605,0.139,-0.2411,neutral
E no go better for that Emma ,0.479,0.521,0.0,-0.5583,negative
U still carry bread,0.0,1.0,0.0,0.0,neutral
En no fit end without bread,0.297,0.703,0.0,-0.2755,neutral
Do you have to add bread to get satisfied ? FFO,0.0,0.781,0.219,0.4215,neutral
Wetting concern ex and my sweet spag,0.0,0.667,0.333,0.4588,neutral
The comments here are testaments of quality products being the cornerstones of every great brands. You ve earned your flowers,0.0,0.823,0.177,0.6249,positive
If this bread never put you for trouble u no go rest,0.329,0.671,0.0,-0.5994,negative
"E bi like na only me no sabi cook am, why my own d turn water ",0.118,0.749,0.134,0.0772,neutral
"Tasha, when will you stop eating bread?",0.268,0.732,0.0,-0.296,neutral
"Chief why are you shouting at Tasha like that,that bread combo is madt with pasta, love me some golden penny pasta",0.0,0.739,0.261,0.7717,positive
Same here,0.0,1.0,0.0,0.0,neutral
You and bread ehn,0.0,1.0,0.0,0.0,neutral
Tasha and bread na 5&6,0.0,1.0,0.0,0.0,neutral
Must you eat the bread there,0.0,1.0,0.0,0.0,neutral
This Tasha girl no fit kill me,0.195,0.461,0.345,0.3875,neutral
Golden penny is good oooh but they don dey count it aswear,0.0,0.849,0.151,0.2382,neutral
U carry bread come there?,0.0,1.0,0.0,0.0,neutral
My x okro soup na die dat year oooo...chai mimi,0.302,0.698,0.0,-0.5994,negative
"Abeg na d background song carry me come here, who knows the title meanwhile enjoy your golden penny",0.0,0.842,0.158,0.4939,neutral
Why you carry bread go date ?,0.0,1.0,0.0,0.0,neutral
Golden Penny pasta no dey finish for my house ooo,0.196,0.804,0.0,-0.296,neutral
Bread and spaghetti??,0.0,1.0,0.0,0.0,neutral
Mine is perfume ...,0.0,1.0,0.0,0.0,neutral
I was actually expecting to see her with bread,0.0,1.0,0.0,0.0,neutral
Crayfish stew,0.0,1.0,0.0,0.0,neutral
Chai my own na oil rice how dat one wan take get flashback memory wen she don dey chop turkey,0.0,1.0,0.0,0.0,neutral
She sabi cook am,0.0,1.0,0.0,0.0,neutral
My na perfume,0.0,1.0,0.0,0.0,neutral
This Emma don show you shege,0.0,1.0,0.0,0.0,neutral
This your bread eh,0.0,1.0,0.0,0.0,neutral
Na golden penny spaghetti and rice with Egg sauce,0.0,1.0,0.0,0.0,neutral
"Ahhh, when you date Emma, why he no go be your ex",0.167,0.833,0.0,-0.296,neutral
"The number for Nigeria, I can't buy another",0.0,0.843,0.157,0.0772,neutral
Where did the bread come out from,0.0,1.0,0.0,0.0,neutral
No be me you cook for ooo,0.268,0.732,0.0,-0.296,neutral
Them use bread swear for this woman,0.167,0.833,0.0,-0.0516,neutral
Semo and okoro soup,0.0,1.0,0.0,0.0,neutral
My own is egusi soup,0.0,1.0,0.0,0.0,neutral
Abeg no vex if she no add bread her body no go dey okay,0.357,0.541,0.103,-0.5719,negative
Walai na few people dey alright for this country. I and another person.,0.0,0.857,0.143,0.25,neutral
I remember when it's was 110 naira na everybody we dey eat am,0.0,1.0,0.0,0.0,neutral
You even chop am with bread,0.0,1.0,0.0,0.0,neutral
Ewoooo. To me nothing. My ex remains forgotten .,0.192,0.808,0.0,-0.2263,neutral
E get one hot jollof rice wey Oluwa Segun Ishola dey buy for me then,0.0,1.0,0.0,0.0,neutral
Emma name no dey comot from social media,0.239,0.761,0.0,-0.296,neutral
If she never chop classic bread the matter no go ever end oooo,0.154,0.769,0.077,-0.2732,neutral
Dem do u with bread,0.0,1.0,0.0,0.0,neutral
Uturu Ukpa Soup,0.0,1.0,0.0,0.0,neutral
I hope sey no be my own Emma??,0.192,0.524,0.284,0.264,neutral
"Wait oo, I no understand... Na snail still be that?",0.196,0.804,0.0,-0.296,neutral
I knew she brought bread,0.0,1.0,0.0,0.0,neutral
Waiting we do this people any painful break up nah Emma,0.323,0.677,0.0,-0.5106,negative
Must you use Emma.,0.0,1.0,0.0,0.0,neutral
That snail na giant oh,0.0,1.0,0.0,0.0,neutral
I was wondering if she forgot the bread,0.0,1.0,0.0,0.0,neutral
Wettin b this again?,0.0,1.0,0.0,0.0,neutral
Nneka no lie oooo,0.423,0.577,0.0,-0.296,neutral
Dem swear bread for you,0.231,0.769,0.0,-0.0516,neutral
Chief you see me say na Tasha good for you shey?!,0.0,0.758,0.242,0.4926,neutral
"Hmmm, is pounded yam oo with egunsi soup ",0.0,1.0,0.0,0.0,neutral
Make I go call my ex,0.0,1.0,0.0,0.0,neutral
So she carry bread go the date kwa?,0.0,1.0,0.0,0.0,neutral
Must it always be Emma? We don suffer oh,0.304,0.696,0.0,-0.5423,negative
"Whenever I go to a nearby store to get pasta and they don't have golden penny , omo na to buy bread and fry egg chop.... Golden penny God bless you people for keeping up with your standard and still very affordable",0.0,0.891,0.109,0.5994,positive
"I love it because when cooked, it doesn't look like pap their meaning over soft. My best pasta",0.083,0.588,0.329,0.8069,positive
"I love golden penny,I always cook it with veggies and chicken and my family can't get enough of it,so yummy",0.0,0.703,0.297,0.8225,positive
I love golden penny pasta but d problem I have with it now is that the quantity is reduced if I want to cook for my family now just two kids myself and my husband na one and half I dey cook abeg make una try put small jara inside,0.065,0.861,0.074,-0.128,neutral
I love this pasta alot,0.0,0.488,0.512,0.6369,positive
Still my best pasta,0.0,0.417,0.583,0.6369,positive
My favourite golden penny,0.0,1.0,0.0,0.0,neutral
I was gifted the vegetable oil some time back. Oh! You will love it!,0.0,0.731,0.269,0.6988,positive
I'm not a lover of pasta but golden penny makes me one now,0.145,0.855,0.0,-0.2584,neutral
"My penny is indeed golden with Golden penny pasta, you guys are the best",0.0,0.756,0.244,0.6369,positive
"It's my favorite pasta and families who eat protein rich golden penny together have healthier and strong bond. It's nourish our family with a healthy meal at all time ,easy to cook, in less than 10 minutes your pasta is ready. Golden penny pasta is delicious, convenient,rich in protein and other essential nutrients, firm and it doesn't stick,",0.0,0.702,0.298,0.967,positive
So much in love with golden penny pasta.,0.0,0.611,0.389,0.6666,positive
Any golden penny product is amazing even the macaroni is very yummy,0.0,0.572,0.428,0.8173,positive
Golden penny pasta is the best,0.0,0.543,0.457,0.6369,positive
I love it. Even though I just bought another one this evening,0.0,0.724,0.276,0.6369,positive
"The best spaghetti, although a bit expensive but still my best",0.0,0.517,0.483,0.8555,positive
Reason I haven’t been to chicken for long.,0.0,1.0,0.0,0.0,neutral
This is no longer funny,0.606,0.394,0.0,-0.5583,negative
No golden penny pasta no pasta,0.524,0.476,0.0,-0.5267,negative
If it is not golden penny... Just rest ....I love gold penny pasta,0.0,0.741,0.259,0.6369,positive
"My favorite,I love it",0.0,0.417,0.583,0.6369,positive
Which app can one use to achieve this face effect,0.0,1.0,0.0,0.0,neutral
My family and I from this day will only buy Golden Penny.,0.0,1.0,0.0,0.0,neutral
Golden penny spaghetti is representing so well ,0.0,0.686,0.314,0.4101,neutral
Story!!,0.0,1.0,0.0,0.0,neutral
"The way I could easily cook it, it something I could cook easily and in different methods plus the feeling of eating it like Korea or Chinese people",0.0,0.732,0.268,0.7783,positive
I must say that Golden Penny Pasta is just the best,0.0,0.704,0.296,0.6369,positive
The attached music is,0.0,1.0,0.0,0.0,neutral
I really can’t do without golden penny pasta,0.0,1.0,0.0,0.0,neutral
Neeka is the best in ads,0.0,0.543,0.457,0.6369,positive
I love golden penny Bcus it doesn’t stick to each other,0.0,0.704,0.296,0.6369,positive
Golden penny pasta has always been d best pasta ever,0.0,0.682,0.318,0.6369,positive
Golden penny to the world,0.0,1.0,0.0,0.0,neutral
Please what’s the title of the song on the background,0.0,0.796,0.204,0.3182,neutral
My best pasta,0.0,0.323,0.677,0.6369,positive
This is very creative,0.0,0.484,0.516,0.4927,neutral
golden penny or nothing,0.0,1.0,0.0,0.0,neutral
Golden Penny no dey soak water like other pasta.,0.188,0.598,0.214,0.0772,neutral
Beans and bread every Saturday especially during the raining season,0.0,1.0,0.0,0.0,neutral
Oh so there are other pastas other than golden penny? That's weird,0.134,0.866,0.0,-0.1779,neutral
Golden penny best spag so far,0.0,0.543,0.457,0.6369,positive
And I got disappointed....bread!!! in spaghetti?,0.0,1.0,0.0,0.0,neutral
Vegetable and eba,0.0,1.0,0.0,0.0,neutral
I love it bcos it doesn’t stick,0.0,0.588,0.412,0.6369,positive
Irish and egg,0.0,1.0,0.0,0.0,neutral
Please you people should reduce your price laho,0.0,0.753,0.247,0.3182,neutral
I swear I cry de watch this video,0.417,0.583,0.0,-0.5106,negative
I Don finally see something I can relate to online,0.0,1.0,0.0,0.0,neutral
If nah so I will not buy ohh! I don't want to be crying everyday,0.334,0.666,0.0,-0.6142,negative
If it's not Golden Penny I don't want,0.149,0.851,0.0,-0.0572,neutral
Even music,0.0,1.0,0.0,0.0,neutral
Chicken pie,0.0,1.0,0.0,0.0,neutral
I swear it's pasta ooo,0.231,0.769,0.0,-0.0516,neutral
Yam and egg or vanilla ice cream,0.0,1.0,0.0,0.0,neutral
I still cook my Dangote spaghetti,0.0,1.0,0.0,0.0,neutral
Fried rice,0.0,1.0,0.0,0.0,neutral
I wasn't prepared for the end,0.25,0.75,0.0,-0.1695,neutral
Neekahs luxury bread is the best person for this ads,0.0,0.682,0.318,0.6369,positive
I can't believe I'm eating golden penny while watching this,0.0,1.0,0.0,0.0,neutral
"Ekuru, wheat, beans",0.0,1.0,0.0,0.0,neutral
Who sing this song abeg,0.0,1.0,0.0,0.0,neutral
"It doesn't stick together, my number 1",0.0,0.822,0.178,0.0772,neutral
Emma oh Emma you messed up,0.324,0.676,0.0,-0.34,neutral
Lol this is so funny,0.0,0.314,0.686,0.7609,positive
Favorite of all time,0.0,0.5,0.5,0.4588,neutral
The best spaghetti I know for now,0.0,0.588,0.412,0.6369,positive
your cerebrum is what I aspire for,0.0,1.0,0.0,0.0,neutral
My favorite food is white golden penny pasta and stew.,0.0,0.75,0.25,0.4588,neutral
It satisfying,0.0,0.25,0.75,0.4588,neutral
Thank God I no get ex,0.224,0.306,0.469,0.34,neutral
Whi is the ex emma,0.0,1.0,0.0,0.0,neutral
"I swear mine is noodles, ",0.231,0.769,0.0,-0.0516,neutral
My favourite yummy,0.0,0.37,0.63,0.5267,positive
This one will soon become another EX,0.0,1.0,0.0,0.0,neutral
2 in 1 advertisement,0.0,1.0,0.0,0.0,neutral
Avocado ,0.0,1.0,0.0,0.0,neutral
Yes truly Golden penny is the best,0.0,0.29,0.71,0.8689,positive
Please what's the name of the background song,0.0,0.753,0.247,0.3182,neutral
"Emmanuel has really suffered, gosh!",0.486,0.514,0.0,-0.5838,negative
Cake and ice cream,0.0,1.0,0.0,0.0,neutral
U too like emma,0.0,0.545,0.455,0.3612,neutral
Why am I feeling emotional,0.0,0.492,0.508,0.2732,neutral
@golden penny nice advert i love it,0.0,0.417,0.583,0.7906,positive
no be smalll,0.524,0.476,0.0,-0.296,neutral
This song bam,0.0,1.0,0.0,0.0,neutral
Golden penny pasta +classic cream bread,0.0,1.0,0.0,0.0,neutral
Tasha bread,0.0,1.0,0.0,0.0,neutral
A mmlm,0.0,1.0,0.0,0.0,neutral
Why Emma,0.0,1.0,0.0,0.0,neutral
"If love is real ex for no dey ,as for me o , there's no fuckin real love",0.162,0.517,0.32,0.7414,positive
Golden penny ,0.0,1.0,0.0,0.0,neutral
Tasha nawao,0.0,1.0,0.0,0.0,neutral
Omw ,0.0,1.0,0.0,0.0,neutral
bread with spaghetti,0.0,1.0,0.0,0.0,neutral
I just finished eating golden penny pasta Nd smoked fish... yummy thank you @Golden penny ,0.0,0.688,0.312,0.7096,positive
u and this bread ehn,0.0,1.0,0.0,0.0,neutral
The name of the song,0.0,1.0,0.0,0.0,neutral
This babe is very creative,0.0,0.556,0.444,0.4927,neutral
Song title please,0.0,0.465,0.535,0.3182,neutral
Golden penny spaghetti is d best,0.0,0.543,0.457,0.6369,positive
Love hunts,0.0,0.192,0.808,0.6369,positive
Also from imo state,0.0,1.0,0.0,0.0,neutral
Abeg which kind advant be this,0.0,0.595,0.405,0.5267,positive
Abeg who sing that song,0.0,1.0,0.0,0.0,neutral
Not sticking,0.0,1.0,0.0,0.0,neutral
I was waiting for the bread,0.0,1.0,0.0,0.0,neutral
Who sang this song please,0.0,0.635,0.365,0.3182,neutral
Advertised for two companies there,0.0,1.0,0.0,0.0,neutral
Name of song?,0.0,1.0,0.0,0.0,neutral
So emotional,0.0,0.346,0.654,0.2247,neutral
Name of song please,0.0,0.566,0.434,0.3182,neutral
Tittle of the song pls,0.0,0.755,0.245,0.0772,neutral
The best in the Market,0.0,0.488,0.512,0.6369,positive
Tasha they always remember Emma,0.0,1.0,0.0,0.0,neutral
See this bad character,0.538,0.462,0.0,-0.5423,negative
Please what's the title of the music?,0.0,0.723,0.277,0.3182,neutral
Chief was not informed,0.0,1.0,0.0,0.0,neutral
Marrz the world will hear you,0.0,1.0,0.0,0.0,neutral
What of dose wey no get x,0.268,0.732,0.0,-0.296,neutral
Emma why???,0.0,1.0,0.0,0.0,neutral
Abeg Na who sing the song,0.0,1.0,0.0,0.0,neutral
Why Emma??,0.0,1.0,0.0,0.0,neutral
I don't have any problem with this video oo but why you go use my name (Emma),0.0,0.908,0.092,0.1603,neutral
Please song title,0.0,0.465,0.535,0.3182,neutral
"Everytime I come across salty food, I remember her",0.0,1.0,0.0,0.0,neutral
"I was waiting for bread, thank God I didn't wait in vein",0.0,0.685,0.315,0.5574,positive
"I don't like their noodles, I can still stick with the spaghetti",0.161,0.839,0.0,-0.2755,neutral
"Golden Penny Pasta is best among all, after golden penny na still golden penny. Tasting others pastas is a waste of money",0.104,0.741,0.156,0.34,neutral
Why emma?,0.0,1.0,0.0,0.0,neutral
Bad pepperish and tasteless stew or soup,0.368,0.632,0.0,-0.5423,negative
Name of the music please,0.0,0.635,0.365,0.3182,neutral
"if it's not Golden penny, then it's not Golden",0.0,1.0,0.0,0.0,neutral
Egwsi soup,0.0,1.0,0.0,0.0,neutral
I been wan surprise say bread no dey involved ,0.195,0.619,0.186,-0.0258,neutral
You don start o,0.0,1.0,0.0,0.0,neutral
Chinken pie,0.0,1.0,0.0,0.0,neutral
"Tasha, wetin be your problem",0.403,0.597,0.0,-0.4019,neutral
Golden penny pasta is the conclusion.,0.0,1.0,0.0,0.0,neutral
Talent dey bikonu,0.0,0.417,0.583,0.4215,neutral
Emma Don suffer oh ehnnn lol,0.34,0.388,0.272,-0.1779,neutral
Why e come be Emma,0.0,1.0,0.0,0.0,neutral
"What I’m eating right now ￼,",0.0,1.0,0.0,0.0,neutral
Neekah never disappoints,0.0,0.478,0.522,0.2924,neutral
Good advert,0.0,0.256,0.744,0.4404,neutral
Na always Emma,0.0,1.0,0.0,0.0,neutral
Custard,0.0,1.0,0.0,0.0,neutral
Which Emma,0.0,1.0,0.0,0.0,neutral
Hahaha,0.0,0.0,1.0,0.5574,positive
Ahhh!,0.0,1.0,0.0,0.0,neutral
You be mumuuu,0.0,1.0,0.0,0.0,neutral
"Hmmm, yummy",0.0,0.227,0.773,0.5267,positive
Oha soup,0.0,1.0,0.0,0.0,neutral
Tasha why,0.0,1.0,0.0,0.0,neutral
U wan implicate Tasha omg.....,0.0,1.0,0.0,0.0,neutral
Fufu and okro,0.0,1.0,0.0,0.0,neutral
Indomie,0.0,1.0,0.0,0.0,neutral
Must u mention Emma,0.0,1.0,0.0,0.0,neutral
Korede spaghetti,0.0,1.0,0.0,0.0,neutral
Hahahahah,0.0,1.0,0.0,0.0,neutral
Chai,0.0,1.0,0.0,0.0,neutral
Advert opurrrr,0.0,1.0,0.0,0.0,neutral
See men,0.0,1.0,0.0,0.0,neutral
Toto,0.0,1.0,0.0,0.0,neutral
Emma dey follow you like monitoring spit,0.0,0.706,0.294,0.3612,neutral
Protein is essential for growth,0.0,0.606,0.394,0.3818,neutral
"Thank you so much, I really agree with you, spaghetti has a lot of vitamin and energy to sustain you all day.",0.0,0.652,0.348,0.8221,positive
Golden pasta is one of the best,0.0,0.588,0.412,0.6369,positive
YESOOOOOOOH ONE LOVE KEEP US TOGETHER,0.0,0.543,0.457,0.6369,positive
Pls how do I get the Golden penny spaghetti in large quantity supply I urgently need it?,0.0,0.925,0.075,0.0772,neutral
Yummy Yummy,0.0,0.0,1.0,0.7783,positive
But pls u guys should reduce the prices all my life since from childhood till now I have eaten any other spaghetti only golden penny the price is too much pls I too love the spag,0.0,0.791,0.209,0.8271,positive
Thanks Golden Penny Pasta eating together unite the family,0.0,0.734,0.266,0.4404,neutral
Golden Penny is the best,0.0,0.488,0.512,0.6369,positive
I gree with you.,0.0,1.0,0.0,0.0,neutral
Increase the volume,0.0,0.465,0.535,0.3182,neutral
Extremely great,0.0,0.185,0.815,0.659,positive
i love it,0.0,0.323,0.677,0.6369,positive
Sweet food,0.0,0.25,0.75,0.4588,neutral
Louder,0.0,1.0,0.0,0.0,neutral
Fact,0.0,1.0,0.0,0.0,neutral
"Golden Penny Pasta Is lit , I cooked golden penny pasta this afternoon",0.0,1.0,0.0,0.0,neutral
Your product is very expensive God will judge all of us in this country,0.0,0.845,0.155,0.3353,neutral
@Golden Penny Pasta Best,0.0,0.417,0.583,0.6369,positive
So delicious,0.0,0.2,0.8,0.6115,positive
total agree,0.0,0.264,0.736,0.4201,neutral
My Best Spaghetti,0.0,0.323,0.677,0.6369,positive
Hello golden penny is my g i am actress,0.0,1.0,0.0,0.0,neutral
TRUE,0.0,0.0,1.0,0.4215,neutral
So y'all still eat golden penny,0.0,1.0,0.0,0.0,neutral
God bless you,0.0,0.169,0.831,0.5994,positive
All of them ,0.0,1.0,0.0,0.0,neutral
1y,0.0,1.0,0.0,0.0,neutral
Yummy jollof I mix both at times,0.0,0.638,0.362,0.5267,positive
Nourishing delicious moment for me and my family Golden Penny Pasta.,0.0,0.73,0.27,0.5719,positive
Spaghetti wey dey ginger energy,0.0,0.656,0.344,0.2732,neutral
Hello Children it's Yommy time with Golden Penny Pasta.,0.0,1.0,0.0,0.0,neutral
All of them but spaghetti is gold now why?,0.0,1.0,0.0,0.0,neutral
If it not golden penny twist abeg pack well,0.0,0.792,0.208,0.2732,neutral
"Golden Penny Pasta u r the best ever but expensive,we can barely afford u",0.0,0.833,0.167,0.3818,neutral
Spaghetti all the way,0.0,1.0,0.0,0.0,neutral
Macaroni and twist,0.0,1.0,0.0,0.0,neutral
It's always a delicious and a non resist meal when ever they're both prepared,0.0,0.682,0.318,0.6808,positive
"Honestly, Golden Penny Pasta is a game changer!",0.0,0.68,0.32,0.5093,positive
All we don't joke with them,0.274,0.726,0.0,-0.2235,neutral
Don't joke with the pasta,0.321,0.679,0.0,-0.2235,neutral
All of the golden Penny products,0.0,1.0,0.0,0.0,neutral
All because i am not joke with your product golden penny.,0.159,0.841,0.0,-0.2235,neutral
Me and my daughter don't joke with it oooo,0.191,0.809,0.0,-0.2235,neutral
Any one for me,0.0,1.0,0.0,0.0,neutral
"Nice one ,by the Golden Penny Pasta ,good advertisement .",0.0,0.584,0.416,0.6908,positive
I love golden penny products,0.0,0.488,0.512,0.6369,positive
Spaghetti and macaroni,0.0,1.0,0.0,0.0,neutral
Yummy.I love Golden Penny Pasta,0.0,0.488,0.512,0.6369,positive
What happened to Golden Penny Spa? Its not in my area. I can only find the slim one,0.0,1.0,0.0,0.0,neutral
Slim spaghetti.,0.0,1.0,0.0,0.0,neutral
Spaghetti,0.0,1.0,0.0,0.0,neutral
Spaghetti and twist,0.0,1.0,0.0,0.0,neutral
Jollof spaghetti,0.0,1.0,0.0,0.0,neutral
Spaghettini,0.0,1.0,0.0,0.0,neutral
Yammy,0.0,1.0,0.0,0.0,neutral
All because they are all Delicious,0.0,0.575,0.425,0.5719,positive
"Yummy.llove Golden penny pasta 1,000",0.0,1.0,0.0,0.0,neutral
The couscous,0.0,1.0,0.0,0.0,neutral
Very. Very. Good,0.0,0.366,0.634,0.5379,positive
YES,0.0,0.0,1.0,0.4019,neutral
Spaghetni,0.0,1.0,0.0,0.0,neutral
I love the golden penny pasta you guys should bring the price down,0.0,0.741,0.259,0.6369,positive
If it is no golden penny spaghetti am not cooking or eating,0.167,0.833,0.0,-0.296,neutral
Golden penny spaghetti is the best pasta ever,0.0,0.625,0.375,0.6369,positive
I can't do without golden penny products,0.0,1.0,0.0,0.0,neutral
Golden penny spaghetti serving you better.,0.0,0.633,0.367,0.4404,neutral
No 1 Pasta Brand,0.423,0.577,0.0,-0.296,neutral
Golden penny spaghetti serves u better.,0.0,0.633,0.367,0.4404,neutral
Deliciously tasty,0.0,0.256,0.744,0.4404,neutral
You guys are the GOATs of pasta,0.0,1.0,0.0,0.0,neutral
"Even with this hard time in Nigeria, the nutrients of golden penny products didn't reduce thanks to golden penny",0.187,0.813,0.0,-0.4416,neutral
Golden penny spaghetti fill the nation,0.0,1.0,0.0,0.0,neutral
I stand for everything golden penny,0.0,1.0,0.0,0.0,neutral
Love#goldenspaghetti,0.0,1.0,0.0,0.0,neutral
Taste better than order,0.0,0.508,0.492,0.4404,neutral
Give me please,0.0,0.465,0.535,0.3182,neutral
Please look into this,0.0,0.566,0.434,0.3182,neutral
Macaroni no dey this east,0.355,0.645,0.0,-0.296,neutral
Golden Penny spaghetti ,0.0,1.0,0.0,0.0,neutral
Golden Penny Pasta replied,0.0,1.0,0.0,0.0,neutral
How much,0.0,1.0,0.0,0.0,neutral
"Twíst is my favorite too, bought 1 cartoon a few days ago but I realized it gets soggy easily and I don't put plenty o,pls what am I ñot doing right.",0.0,0.85,0.15,0.6249,positive
Top,0.0,0.0,1.0,0.2023,neutral
"Twist is my favorite but, it's like it's not in the market again. Wataguan?",0.0,0.696,0.304,0.6428,positive
"golden penny, the great pasta company in Nigeria",0.0,0.631,0.369,0.6249,positive
Golden penny pasta is best,0.0,0.488,0.512,0.6369,positive
"I really love golden penny pasta, it is my fancy favorite meal",0.0,0.572,0.428,0.8173,positive
Golden penny pasta or nothing,0.0,1.0,0.0,0.0,neutral
Golden penny pasta best among all,0.0,0.543,0.457,0.6369,positive
I love Golden penny pasta,0.0,0.488,0.512,0.6369,positive
"You guys are awesome, golden penny pasta remains the best",0.0,0.491,0.509,0.8519,positive
More reason to love,0.0,0.402,0.598,0.6666,positive
GOLDEN PENNY PASTA LIKE NO OTHER,0.253,0.46,0.287,0.0772,neutral
"Golden penny spaghetti and all that concern their company remains the best if no be golden penny I no dey chop , golden remains golden",0.144,0.719,0.137,0.2023,neutral
GOLDEN PENNY PASTA MY NUMBER ONE,0.0,0.794,0.206,0.0772,neutral
It's happening live here,0.0,1.0,0.0,0.0,neutral
When are you doing this in enugu ?,0.0,1.0,0.0,0.0,neutral
I love golden penny pasta but it's expensive,0.0,0.729,0.271,0.3818,neutral
"I have tried other pastas but I choose Golden penny, it's the Oga of other pastas",0.0,1.0,0.0,0.0,neutral
"This is a recipe I'll try out, I love how it looks",0.0,0.724,0.276,0.6369,positive
From the look you  go know say the spaghetti no done,0.18,0.82,0.0,-0.296,neutral
How una take dey chop and enjoy spaghettini,0.0,0.686,0.314,0.4939,neutral
Wow amazing cooking  skills for your,0.0,0.345,0.655,0.8225,positive
Wow looks delicious,0.0,0.118,0.882,0.8176,positive
Wow so yummy yummy,0.0,0.082,0.918,0.9036,positive
Yummy and tasty enjoy your time,0.0,0.377,0.623,0.765,positive
"You guys need to work on your quantity, your pasta is so small now that it can barely be enough for two persons",0.0,1.0,0.0,0.0,neutral
Looks delicious,0.0,0.213,0.787,0.5719,positive
Wow so delicious i like that yummy,0.0,0.177,0.823,0.932,positive
"This recipe I'll try out, i love it.",0.0,0.625,0.375,0.6369,positive
Wow delicious spaghetti  I like that bro..,0.0,0.286,0.714,0.875,positive
i well try your recipe thank you so much  love it pasta,0.0,0.498,0.502,0.8434,positive
wowww it looks yummy,0.0,0.469,0.531,0.5267,positive
Yummy pasta I like it,0.0,0.337,0.663,0.7096,positive
Yummy spaghetti,0.0,0.227,0.773,0.5267,positive
so yummy cooking,0.0,0.351,0.649,0.5709,positive
Very delicious food.,0.0,0.334,0.666,0.6115,positive
That looks delicious,0.0,0.351,0.649,0.5719,positive
My favourite So Delicious,0.0,0.388,0.612,0.6948,positive
owo Very nice looks recipe. So yummy good testy,0.0,0.361,0.639,0.8919,positive
I love golden penny pasta because it is not sticky,0.0,0.682,0.318,0.6369,positive
This spaghetti no done,0.423,0.577,0.0,-0.296,neutral
My favorite pasta  my enemy can win me over by gifting me this,0.172,0.493,0.335,0.5106,positive
Wow yummy,0.0,0.0,1.0,0.802,positive
I love spicyyum yum,0.0,0.417,0.583,0.6369,positive
This looks absolutely delicious,0.0,0.429,0.571,0.6115,positive
yummy all the best,0.0,0.208,0.792,0.8225,positive
Wow I really love this  looks so good,0.0,0.294,0.706,0.9191,positive
Looks yummy,0.0,0.227,0.773,0.5267,positive
Golden penny is the best I love love it so much even if it’s expensive I will still purchase it,0.0,0.574,0.426,0.9274,positive
"That's looks delicious ,i loved it.",0.0,0.345,0.655,0.8225,positive
Wow looks so yummy,0.0,0.211,0.789,0.8173,positive
yummy creamy  pasta,0.0,0.37,0.63,0.5267,positive
Wow look so delicious,0.0,0.204,0.796,0.8313,positive
Tasty yummy,0.0,0.227,0.773,0.5267,positive
Delicious enjoy,0.0,0.0,1.0,0.7845,positive
wow yummy yummy,0.0,0.0,1.0,0.891,positive
yummy yummy,0.0,0.0,1.0,0.7783,positive
yummy very tasty food,0.0,0.469,0.531,0.5267,positive
So good taste,0.0,0.385,0.615,0.4927,neutral
Looks very delicious,0.0,0.334,0.666,0.6115,positive
What brand of cooking cream,0.0,1.0,0.0,0.0,neutral
looks so yummy,0.0,0.351,0.649,0.5709,positive
Tasty recipe,0.0,1.0,0.0,0.0,neutral
yummy yummy pasta,0.0,0.128,0.872,0.7783,positive
Wow! Yummy Yummy..,0.0,0.0,1.0,0.8977,positive
Wow yummy lodz enjoy,0.0,0.088,0.912,0.886,positive
Beautiful... A little bit too oily for me,0.0,0.642,0.358,0.5994,positive
Looking delicious,0.0,0.213,0.787,0.5719,positive
Wow so delicious,0.0,0.114,0.886,0.8313,positive
Wow! So delicious,0.0,0.11,0.89,0.8436,positive
Woowwww this is delicious,0.0,0.448,0.552,0.5719,positive
Tasty and yummy,0.0,0.37,0.63,0.5267,positive
"Wow.. looks delicious brother, enjoy your meal, yummy",0.0,0.221,0.779,0.9337,positive
Good food,0.0,0.256,0.744,0.4404,neutral
Tasty & delicious,0.0,0.351,0.649,0.5719,positive
Best food,0.0,0.192,0.808,0.6369,positive
Wow it's delicious,0.0,0.118,0.882,0.8176,positive
Super yummy,0.0,0.0,1.0,0.8074,positive
your spag is not fully cooked,0.0,1.0,0.0,0.0,neutral
Wow so yummy,0.0,0.118,0.882,0.8173,positive
"My baby girl said ""the pasta  is too long for her to swallow"" after watching  as if you are dishing out for her",0.0,1.0,0.0,0.0,neutral
"My pasta, my everything. No other Pasta can satisfy me like you do. The pasta doesn't cuddle no matter, I love golden penny I swear",0.103,0.573,0.324,0.8103,positive
Wow super yummy,0.0,0.0,1.0,0.9022,positive
Wow Yummy,0.0,0.0,1.0,0.802,positive
I like it,0.0,0.444,0.556,0.3612,neutral
So yummy!,0.0,0.201,0.799,0.6105,positive
So yummy,0.0,0.213,0.787,0.5709,positive
Well done Golden penny.,0.0,0.588,0.412,0.2732,neutral
Wooooow,0.0,1.0,0.0,0.0,neutral
Wow very nice this video,0.0,0.303,0.697,0.7841,positive
Yes golden penny remains the best pastas,0.0,0.42,0.58,0.7845,positive
Wow very yummy,0.0,0.118,0.882,0.8173,positive
One of my favorites,0.0,0.517,0.483,0.4215,neutral
This looks beautiful and yummy!,0.0,0.283,0.717,0.8221,positive
Which one is cooking cream there?,0.0,1.0,0.0,0.0,neutral
My favorite pasta for Life,0.0,0.571,0.429,0.4588,neutral
What is cooking cream,0.0,1.0,0.0,0.0,neutral
Well maked noodles,0.0,0.488,0.512,0.2732,neutral
If it’s not Golden Penny Pasta then I’m not in,0.0,1.0,0.0,0.0,neutral
Wowowo awesome recipe,0.0,0.328,0.672,0.6249,positive
"Wow,,yummy yummy,,",0.0,0.227,0.773,0.5267,positive
I need me a man that can cook and more,0.0,1.0,0.0,0.0,neutral
Wow  yummy,0.0,0.0,1.0,0.802,positive
yummy I must try it,0.0,0.541,0.459,0.5267,positive
delicious,0.0,0.0,1.0,0.5719,positive
so yummy,0.0,0.213,0.787,0.5709,positive
No doubt golden penny is the best but I'm still perplexed on how people use milk to cook  like how,0.112,0.607,0.281,0.5354,positive
Although golden penny is the best so pls answer my question yes or no cos I have been meaning to try this creamy pasta,0.071,0.648,0.28,0.7537,positive
Wow so yummy  and nice video,0.0,0.221,0.779,0.8899,positive
Wow I like it,0.0,0.241,0.759,0.743,positive
Am I the only one that doesn’t like this spaghettini I prefer the normal spag abeg,0.0,0.857,0.143,0.3612,neutral
wow yummy,0.0,0.0,1.0,0.802,positive
Looks so yummy I will also try to cook this thank you for sharing,0.0,0.54,0.46,0.8544,positive
Please I need the ingredient,0.0,0.635,0.365,0.3182,neutral
Wow! Looks good,0.0,0.125,0.875,0.7901,positive
I can only eat golden penny,0.0,1.0,0.0,0.0,neutral
wow so beautiful,0.0,0.111,0.889,0.8399,positive
Wow my favorite,0.0,0.128,0.872,0.7783,positive
Sounds yummy,0.0,0.227,0.773,0.5267,positive
Wow a good Cook,0.0,0.23,0.77,0.7717,positive
Please is that milk,0.0,0.566,0.434,0.3182,neutral
"This is spaghettinn not your regular spaghetti, this one he used is more tinny, trust me it tastes far better than the regular",0.0,0.764,0.236,0.7564,positive
Looks delicious yummy,0.0,0.123,0.877,0.7964,positive
I love pasta so much,0.0,0.488,0.512,0.6369,positive
Golden penny macaroni is whack,0.0,1.0,0.0,0.0,neutral
I will try it without the cream,0.0,1.0,0.0,0.0,neutral
I love Golden penny pasta since time immemorial,0.0,0.625,0.375,0.6369,positive
Wow looks diliciouse,0.0,0.345,0.655,0.5859,positive
Golden penny pasta is the G.O.A.T,0.0,1.0,0.0,0.0,neutral
Like normally everyone loves,0.0,0.244,0.756,0.7351,positive
Wow amazing,0.0,0.0,1.0,0.8225,positive
So beautiful,0.0,0.193,0.807,0.6361,positive
so beautiful,0.0,0.193,0.807,0.6361,positive
Yummy....,0.0,0.0,1.0,0.5267,positive
Video very good,0.0,0.385,0.615,0.4927,neutral
"This is how my 12 years old cook spaghetti when he's very hungry, half done",0.0,1.0,0.0,0.0,neutral
Wow nice video,0.0,0.132,0.868,0.765,positive
What is that liquid that you pour on it?,0.0,1.0,0.0,0.0,neutral
This spaghetti isn't done,0.0,1.0,0.0,0.0,neutral
Golden penny remains d best of all spag,0.0,0.625,0.375,0.6369,positive
love you brother,0.0,0.323,0.677,0.6369,positive
beautiful,0.0,0.0,1.0,0.5994,positive
Love it so Delicious very yummy. @followers,0.0,0.248,0.752,0.9209,positive
very very nice,0.0,0.372,0.628,0.5222,positive
wow very nice,0.0,0.127,0.873,0.7841,positive
Golden Penny and Crown,0.0,1.0,0.0,0.0,neutral
Looked so delicious,0.0,0.334,0.666,0.6115,positive
Ingredients pls,0.0,0.435,0.565,0.0772,neutral
Someone should pls like my  comment so I can come back to this,0.0,0.743,0.257,0.4215,neutral
"Yummy ,will try this",0.0,0.469,0.531,0.5267,positive
count me in,0.0,1.0,0.0,0.0,neutral
I miss you please don't go anywhere again please,0.131,0.492,0.377,0.4588,neutral
Wow love it super delicious,0.0,0.06,0.94,0.9485,positive
Yammi yammi,0.0,1.0,0.0,0.0,neutral
It is the best so far,0.0,0.543,0.457,0.6369,positive
Khoob Logon pasta,0.0,1.0,0.0,0.0,neutral
Golden penny is the best of them all,0.0,0.625,0.375,0.6369,positive
Wow so grate,0.0,0.345,0.655,0.5859,positive
Golden penny please the spaghetti that he is holding the spelling is spaghettin is that the original one,0.0,0.777,0.223,0.5574,positive
Yemmy yemmy big brother,0.0,1.0,0.0,0.0,neutral
Which cooking cream is the best for pasta ?,0.0,0.656,0.344,0.6369,positive
Coloured you poured is not okay to the human health,0.156,0.844,0.0,-0.1695,neutral
wow yummy noodles,0.0,0.122,0.878,0.802,positive
It's not well cooked o..,0.312,0.688,0.0,-0.2057,neutral
Where can one get cooking milk? I want to try this,0.0,0.885,0.115,0.0772,neutral
Very good,0.0,0.238,0.762,0.4927,neutral
Looks very nice and delicious,0.0,0.298,0.702,0.7939,positive
Wow love this yummy,0.0,0.081,0.919,0.9081,positive
Yum yum,0.0,1.0,0.0,0.0,neutral
Looks so delicious,0.0,0.334,0.666,0.6115,positive
Oil is too much nah everything no,0.419,0.581,0.0,-0.3818,neutral
It looks yummy but I don't like too much oil,0.207,0.622,0.171,-0.1192,neutral
Wow.i like cooking,0.0,0.444,0.556,0.3612,neutral
Jussi,0.0,1.0,0.0,0.0,neutral
U can cook,0.0,1.0,0.0,0.0,neutral
Lovely vintage,0.0,0.208,0.792,0.5859,positive
Yummy all the best,0.0,0.208,0.792,0.8225,positive
This girl is too good,0.0,0.58,0.42,0.4404,neutral
Sweet and tastey,0.0,0.4,0.6,0.4588,neutral
wow heavy spicy pasta because nice colour Yami thank you for post nice video,0.0,0.457,0.543,0.8979,positive
Nice work,0.0,0.263,0.737,0.4215,neutral
yammi,0.0,1.0,0.0,0.0,neutral
WOW so yummy,0.0,0.108,0.892,0.8491,positive
We have trashed all pasta and noodles,0.0,1.0,0.0,0.0,neutral
Yummy  I just finished cooking mine with veggies and salad now and I am breaking with it .,0.0,0.833,0.167,0.5267,positive
That spaghetti no done well o!,0.518,0.482,0.0,-0.5116,negative
pasta or nothing,0.0,1.0,0.0,0.0,neutral
Yummy food,0.0,0.227,0.773,0.5267,positive
Golden penny is the best out of all,0.0,0.625,0.375,0.6369,positive
Oga the spaghetti no done!,0.384,0.616,0.0,-0.3595,neutral
If no be golden penny e no fit o,0.381,0.619,0.0,-0.5122,negative
love this brand of pasta cus it not sticky,0.0,0.656,0.344,0.6369,positive
That's delicious,0.0,0.213,0.787,0.5719,positive
I like brother,0.0,0.444,0.556,0.3612,neutral
"Walahi,your spaghetti  is not done Uncle",0.0,1.0,0.0,0.0,neutral
Wow..i love pasta,0.0,0.323,0.677,0.6369,positive
Golden penny my favorite,0.0,0.5,0.5,0.4588,neutral
Wow..very nice,0.0,0.263,0.737,0.4215,neutral
Too oily,0.0,1.0,0.0,0.0,neutral
Is that all we can cook in Nigeria—pasta jollof?,0.0,1.0,0.0,0.0,neutral
Wow delicious,0.0,0.0,1.0,0.8176,positive
Abeg was it milk u poured in it cause I would like to try it out,0.0,0.857,0.143,0.3612,neutral
"Wetin I dey eat this thing, una suppose give me brand ambassador @golden penny pasta",0.0,1.0,0.0,0.0,neutral
It's creamy wow,0.0,0.345,0.655,0.5859,positive
You don't list out your ingredients,0.0,1.0,0.0,0.0,neutral
Not ur voice over,0.0,1.0,0.0,0.0,neutral
wow i love it,0.0,0.2,0.8,0.8402,positive
Pasta pls work on ur macaroni..,0.0,0.794,0.206,0.0772,neutral
Too costly now,0.412,0.588,0.0,-0.1027,neutral
Normally this guy like spag from school,0.0,0.706,0.294,0.3612,neutral
chaoming,0.0,1.0,0.0,0.0,neutral
Now you make me wanna make mine,0.0,1.0,0.0,0.0,neutral
Wow looks yummy,0.0,0.122,0.878,0.802,positive
Looks delesios,0.0,1.0,0.0,0.0,neutral
you sure say nor be watein dey do you be this,0.0,0.813,0.187,0.3182,neutral
So yammy,0.0,1.0,0.0,0.0,neutral
Yummylicious,0.0,1.0,0.0,0.0,neutral
Abeg na milk unah dey pour put so?,0.0,1.0,0.0,0.0,neutral
Milk in spaghetti?,0.0,1.0,0.0,0.0,neutral
Oil is and coconut milk u added is much bro and also much supi,0.0,1.0,0.0,0.0,neutral
Was that coconut milk you poured in there?,0.0,1.0,0.0,0.0,neutral
Pls what is d white thing he added,0.0,0.843,0.157,0.0772,neutral
I am from Bangladesh please like comment share and follow me,0.0,0.533,0.467,0.7184,positive
"Remove detty language. Use family, church , choir and positive like charity. Is becoming uncommon globally",0.0,0.594,0.406,0.836,positive
Wow yams,0.0,0.208,0.792,0.5859,positive
YummyMy favourite pasta,0.0,1.0,0.0,0.0,neutral
Wow  amazing,0.0,0.0,1.0,0.8225,positive
wow lab it,0.0,0.345,0.655,0.5859,positive
Yummy idol,0.0,0.227,0.773,0.5267,positive
Hmmm unah Dan dey use peek milk dey cook pasta nah wahooo,0.113,0.887,0.0,-0.1027,neutral
Wow nice,0.0,0.0,1.0,0.765,positive
Wow  Yammy,0.0,0.208,0.792,0.5859,positive
One of my favorite,0.0,0.5,0.5,0.4588,neutral
Yuumy,0.0,1.0,0.0,0.0,neutral
woww,0.0,1.0,0.0,0.0,neutral
"wow,,,,",0.0,0.0,1.0,0.5859,positive
Wowww,0.0,1.0,0.0,0.0,neutral
Wooow very nice,0.0,0.393,0.607,0.4754,neutral
Nice one bro,0.0,0.417,0.583,0.4215,neutral
"Na yin you carry pepper  1000 naira put inside, my brother na only you go chop am",0.0,1.0,0.0,0.0,neutral
Da are d best,0.0,0.417,0.583,0.6369,positive
Half done,0.0,1.0,0.0,0.0,neutral
Yummy.,0.0,0.0,1.0,0.5267,positive
Nice.,0.0,0.0,1.0,0.4215,neutral
nice,0.0,0.0,1.0,0.4215,neutral
yummy food,0.0,0.227,0.773,0.5267,positive
Jesus loves everyone on this platform and that was why He came to die on the cross of Calvary. Pls surrender your life to Him today because tomorrow might be too late. Shalom,0.1,0.771,0.129,0.0258,neutral
Please is that yellow stuff cheese? And the vegetable is called what,0.0,0.827,0.173,0.3182,neutral
"Must try this,delicious",0.0,1.0,0.0,0.0,neutral
Absolutely delicious food enjoy,0.0,0.211,0.789,0.8155,positive
So delicious yummy,0.0,0.115,0.885,0.8258,positive
Yummy  gonna try it,0.0,0.469,0.531,0.5267,positive
Yummy food very well,0.0,0.257,0.743,0.6997,positive
Yummy and easy,0.0,0.137,0.863,0.743,positive
Looks so yummy,0.0,0.351,0.649,0.5709,positive
This looks delicious,0.0,0.351,0.649,0.5719,positive
I will try this one i love pasta. Thanks for the recipe,0.0,0.585,0.415,0.7964,positive
so delicious food i love it something especial,0.0,0.423,0.577,0.8479,positive
Looks delicious nice  live it,0.0,0.316,0.684,0.7579,positive
"Macaroni wey all of us dey manage with stew and cook as jellof and enjoy with chilled Fanta e reach ur turn,u turn am to sharwama",0.0,0.848,0.152,0.5106,positive
I would try it,0.0,1.0,0.0,0.0,neutral
Good tasty food yummy i am Muslim from Bangladesh Chittagong,0.0,0.559,0.441,0.743,positive
Looking very tasty,0.0,1.0,0.0,0.0,neutral
Creative but you could've sprinkle ketchup or mayonnaise for the sake of the tortilla for extra moisture taste..,0.0,0.897,0.103,0.2382,neutral
Wow I'll try this recipe,0.0,0.513,0.487,0.5859,positive
Look yummy and interesting,0.0,0.247,0.753,0.7269,positive
yummy yummy yummy yummy my,0.0,0.068,0.932,0.9274,positive
It's looks yummy! I need to try this recipe,0.0,0.684,0.316,0.5707,positive
it's too yummy  to look maybe it's awesome to taste,0.0,0.516,0.484,0.8176,positive
wow very yummy food,0.0,0.211,0.789,0.8173,positive
The look delicious food.,0.0,0.448,0.552,0.5719,positive
so looks delicious,0.0,0.335,0.665,0.6096,positive
It looks yummy,0.0,0.37,0.63,0.5267,positive
good food,0.0,0.256,0.744,0.4404,neutral
I love macaroni,0.0,0.323,0.677,0.6369,positive
Wow  very Yummy foods,0.0,0.211,0.789,0.8173,positive
Wow delicious! Something I should try.,0.0,0.339,0.661,0.8313,positive
Nice recipe very tasty and beautiful amazing recipe,0.0,0.317,0.683,0.8948,positive
wow! Its yummy and testy,0.0,0.286,0.714,0.8172,positive
Great job delicious food,0.0,0.204,0.796,0.8316,positive
pasta I like it. yummy yummy,0.0,0.244,0.756,0.8519,positive
Yummy dish,0.0,0.227,0.773,0.5267,positive
looks so Delicious,0.0,0.334,0.666,0.6115,positive
Wow looks so delicious,0.0,0.204,0.796,0.8313,positive
That's looks really delicious,0.0,0.429,0.571,0.6115,positive
that's looks delicious yammy yammy,0.0,0.519,0.481,0.5719,positive
looks delicious and yummy,0.0,0.22,0.78,0.7964,positive
Wow what a great recipe!,0.0,0.268,0.732,0.8478,positive
Yummy food delicious,0.0,0.123,0.877,0.7964,positive
Yummy food enjoy,0.0,0.132,0.868,0.765,positive
Yummy food for all.,0.0,0.469,0.531,0.5267,positive
Look delicious and yummy,0.0,0.22,0.78,0.7964,positive
wow  so yummy food,0.0,0.211,0.789,0.8173,positive
So Delicious  food,0.0,0.334,0.666,0.6115,positive
Yummy and delicious,0.0,0.123,0.877,0.7964,positive
so yummy dish,0.0,0.351,0.649,0.5709,positive
"I love golden penny oo, but I will pass this ur recipe...no offense... thank you",0.123,0.59,0.287,0.5187,positive
Yummy yummy enjoy,0.0,0.0,1.0,0.875,positive
"I love golden penny products but this one, is no no no",0.0,0.553,0.447,0.7402,positive
So delicious I will try,0.0,0.5,0.5,0.6115,positive
That looks so good. I want to try this,0.0,0.569,0.431,0.6491,positive
Yummy yummy yummy yummy,0.0,0.0,1.0,0.9274,positive
wow! Mouth watering macaroni,0.0,0.423,0.577,0.6239,positive
wow looks delicious,0.0,0.118,0.882,0.8176,positive
Yummy pasta rolls,0.0,0.37,0.63,0.5267,positive
Yummy food sarap wow,0.0,0.217,0.783,0.802,positive
The food is very nice to look at,0.0,0.694,0.306,0.4754,neutral
It's looks yummy,0.0,0.37,0.63,0.5267,positive
She said just macaroni and a few ingredients...,0.0,1.0,0.0,0.0,neutral
Wow looks delicious food,0.0,0.211,0.789,0.8176,positive
Yummy yummy yummy,0.0,0.0,1.0,0.8807,positive
looks delicious,0.0,0.213,0.787,0.5719,positive
Wow yummy I try this,0.0,0.294,0.706,0.802,positive
Magnificent this looks and im confident to say that it also feels good,0.0,0.5,0.5,0.875,positive
wow delicious.,0.0,0.0,1.0,0.8176,positive
Wow yummy yummy,0.0,0.0,1.0,0.891,positive
Wow so look good delicious,0.0,0.155,0.845,0.8988,positive
Yummy testy delicious,0.0,0.123,0.877,0.7964,positive
Yummy delicious,0.0,0.0,1.0,0.7964,positive
Yummy Food,0.0,0.227,0.773,0.5267,positive
Looks really good,0.0,0.385,0.615,0.4927,neutral
Yummy recipe,0.0,0.227,0.773,0.5267,positive
Wow that's great nice.. so yummy,0.0,0.122,0.878,0.9371,positive
looks yummy,0.0,0.227,0.773,0.5267,positive
Yummy abd delicious,0.0,0.123,0.877,0.7964,positive
So delicious  yemmy yemmy,0.0,0.429,0.571,0.6115,positive
How Nice food,0.0,0.417,0.583,0.4215,neutral
Wow very nice yummy,0.0,0.086,0.914,0.8903,positive
yummy  delicious,0.0,0.0,1.0,0.7964,positive
Wow its so yummy” im try diz one,0.0,0.648,0.352,0.5859,positive
Nice dish,0.0,0.263,0.737,0.4215,neutral
Looking yummy,0.0,0.227,0.773,0.5267,positive
Very yummy,0.0,0.213,0.787,0.5709,positive
So so yummy,0.0,0.335,0.665,0.6087,positive
The taste is irresistible no matter how little your ingredient is the flavor always comes out nice the price keeps increasing every single day,0.039,0.77,0.191,0.6281,positive
"I like its texture, taste and flavor. But since I've been in Nigeria, I haven't found Golden Penny couscous, which is the one I would love to eat at home here, but it's nowhere to be found in the markets.",0.0,0.834,0.166,0.8201,positive
The passion of eating a delicious pasta for dinner,0.0,0.511,0.489,0.7717,positive
The taste and texture,0.0,1.0,0.0,0.0,neutral
The texture and taste,0.0,1.0,0.0,0.0,neutral
Outstanding choice!,0.0,0.189,0.811,0.6476,positive
Firm texture,0.0,1.0,0.0,0.0,neutral
"It's not soggy, the taste is delicious and inviting,it's non sticking",0.0,0.73,0.27,0.5719,positive
Demure,0.0,1.0,0.0,0.0,neutral
One love,0.0,0.192,0.808,0.6369,positive
"stray bullet meet me for no just reason. since my bladder spoil, na so people they look me like mad woman because any time i went to engine to grand my tomatoes,i end up breaking the tomatoes    , i don't like eating smooth tomatoes stew, and i hat…",0.134,0.768,0.098,-0.2523,neutral
